{"type":"FeatureCollection","features":[{"type":"Feature","id":"Coroado","properties":{"bairro":"Coroado","zona":"Leste"},"geometry":{"type":"MultiPolygon","coordinates":[[[[-59.95081,-3.0954],[-59.95093,-3.0956],[-59.95108,-3.09572],[-59.95119,-3.09584],[-59.95131,-3.09608],[-59.95148,-3.09629],[-59.95326,-3.09834],[-59.95391,-3.09879],[-59.95442,-3.09915],[-59.95482,-3.09952],[-59.95536,-3.09996],[-59.95582,-3.10025],[-59.95636,-3.10048],[-59.9568,-3.10064],[-59.95726,-3.10119],[-59.95777,-3.10208],[-59.9582,-3.10282],[-59.95872,-3.10426],[-59.95934,-3.10556],[-59.9606,-3.10701],[-59.96249,-3.1085],[-59.96286,-3.10812],[-59.9632,-3.1078],[-59.96324,-3.10765],[-59.96327,-3.10749],[-59.96347,-3.10724],[-59.96359,-3.10683],[-59.96375,-3.10642],[-59.96417,-3.10632],[-59.96441,-3.10656],[-59.96488,-3.10647],[-59.96492,-3.10619],[-59.96513,-3.10604],[-59.96531,-3.10561],[-59.96548,-3.10516],[-59.9655,-3.10456],[-59.96552,-3.10429],[-59.96561,-3.10403],[-59.96589,-3.10369],[-59.96625,-3.10317],[-59.96642,-3.10255],[-59.967,-3.10227],[-59.96747,-3.10195],[-59.96765,-3.10122],[-59.96771,-3.10103],[-59.97985,-3.10813],[-59.98014,-3.10748],[-59.98131,-3.1049],[-59.9828,-3.1016],[-59.98317,-3.10066],[-59.98557,-3.09573],[-59.98665,-3.09432],[-59.98805,-3.09325],[-59.98799,-3.09309],[-59.98795,-3.09287],[-59.98797,-3.09273],[-59.98802,-3.09259],[-59.98805,-3.09246],[-59.98805,-3.09234],[-59.98802,-3.09221],[-59.98797,-3.09206],[-59.98814,-3.09197],[-59.9877,-3.09097],[-59.98753,-3.09067],[-59.98732,-3.08996],[-59.98685,-3.08881],[-59.98659,-3.08815],[-59.9863,-3.08743],[-59.98616,-3.08719],[-59.98605,-3.08707],[-59.98578,-3.08674],[-59.98489,-3.08608],[-59.98405,-3.08576],[-59.98247,-3.08516],[-59.9818,-3.08492],[-59.98158,-3.08482],[-59.98107,-3.08453],[-59.98089,-3.08445],[-59.98031,-3.08423],[-59.98004,-3.08416],[-59.9797,-3.0841],[-59.97934,-3.08397],[-59.97914,-3.08388],[-59.97879,-3.08364],[-59.97855,-3.08344],[-59.97779,-3.08236],[-59.97746,-3.08194],[-59.97715,-3.08149],[-59.97681,-3.08092],[-59.97649,-3.0805],[-59.97622,-3.0803],[-59.97608,-3.08018],[-59.97589,-3.08001],[-59.9754,-3.07964],[-59.97516,-3.07945],[-59.9747,-3.07913],[-59.97417,-3.07876],[-59.97388,-3.07848],[-59.97375,-3.07833],[-59.97364,-3.07817],[-59.97358,-3.07806],[-59.97312,-3.07686],[-59.97273,-3.07583],[-59.97239,-3.07493],[-59.97238,-3.07486],[-59.97229,-3.07467],[-59.97212,-3.07442],[-59.97187,-3.07421],[-59.97174,-3.07416],[-59.97142,-3.07405],[-59.96997,-3.07415],[-59.96899,-3.07422],[-59.96793,-3.07433],[-59.96741,-3.07438],[-59.96701,-3.07444],[-59.96649,-3.07448],[-59.96632,-3.07449],[-59.96614,-3.07451],[-59.96528,-3.07457],[-59.96427,-3.07469],[-59.96253,-3.07489],[-59.96149,-3.07501],[-59.96135,-3.07503],[-59.96098,-3.07509],[-59.96075,-3.07519],[-59.96042,-3.07536],[-59.96021,-3.07551],[-59.96004,-3.07569],[-59.95965,-3.0761],[-59.95939,-3.07628],[-59.95917,-3.07636],[-59.95889,-3.0764],[-59.9586,-3.07639],[-59.95825,-3.0763],[-59.9581,-3.07626],[-59.95788,-3.0762],[-59.95779,-3.07618],[-59.95654,-3.07582],[-59.95642,-3.07578],[-59.95598,-3.07559],[-59.9559,-3.07556],[-59.95592,-3.07587],[-59.95593,-3.07622],[-59.95597,-3.07635],[-59.956,-3.07726],[-59.95596,-3.07814],[-59.95594,-3.0787],[-59.95582,-3.07936],[-59.95555,-3.07988],[-59.95493,-3.08076],[-59.95323,-3.08295],[-59.95253,-3.08386],[-59.95068,-3.08621],[-59.95066,-3.08623],[-59.95063,-3.08623],[-59.94993,-3.0871],[-59.94966,-3.08747],[-59.94943,-3.08779],[-59.94911,-3.08837],[-59.94893,-3.08874],[-59.94878,-3.08929],[-59.94816,-3.09302],[-59.94805,-3.0937],[-59.94825,-3.09381],[-59.94847,-3.09402],[-59.94894,-3.0942],[-59.94946,-3.09434],[-59.9499,-3.09445],[-59.95007,-3.09455],[-59.95024,-3.09468],[-59.95038,-3.09479],[-59.95044,-3.09489],[-59.95045,-3.09493],[-59.95048,-3.09509],[-59.95055,-3.09522],[-59.95068,-3.0953],[-59.95081,-3.0954]]],[[[-59.96253,-3.075],[-59.96324,-3.08197],[-59.9639,-3.08194],[-59.96398,-3.08328],[-59.97276,-3.08376],[-59.97362,-3.08368],[-59.97382,-3.08344],[-59.97385,-3.08181],[-59.97396,-3.08026],[-59.97318,-3.08022],[-59.97311,-3.07891],[-59.97367,-3.07832],[-59.97346,-3.07801],[-59.97331,-3.0776],[-59.97297,-3.07675],[-59.97274,-3.0761],[-59.97223,-3.07476],[-59.97201,-3.07448],[-59.9718,-3.07433],[-59.97135,-3.07418],[-59.97024,-3.07424],[-59.96784,-3.07445],[-59.96737,-3.07452],[-59.96726,-3.07456],[-59.9672,-3.0746],[-59.96713,-3.07464],[-59.96707,-3.07467],[-59.96701,-3.07468],[-59.96695,-3.07467],[-59.96689,-3.07464],[-59.96684,-3.0746],[-59.9668,-3.07456],[-59.96606,-3.07461],[-59.9649,-3.07471],[-59.96344,-3.07487],[-59.96293,-3.07494],[-59.96288,-3.07495],[-59.96283,-3.07495],[-59.96253,-3.075]]]]}},{"type":"Feature","id":"Colônia Terra Nova","properties":{"bairro":"Colônia Terra Nova","zona":"Norte"},"geometry":{"type":"Polygon","coordinates":[[[-60.03091,-2.99429],[-60.03065,-2.99422],[-60.03055,-2.99411],[-60.03041,-2.99403],[-60.03016,-2.99392],[-60.02975,-2.99375],[-60.02915,-2.99351],[-60.02903,-2.99346],[-60.0288,-2.99337],[-60.02838,-2.99327],[-60.02796,-2.99324],[-60.02712,-2.99326],[-60.02659,-2.99328],[-60.02605,-2.99329],[-60.02552,-2.99331],[-60.02496,-2.99333],[-60.02444,-2.99333],[-60.02413,-2.99334],[-60.02353,-2.99335],[-60.02326,-2.99336],[-60.02257,-2.99336],[-60.02215,-2.99337],[-60.02188,-2.99339],[-60.02168,-2.99343],[-60.02144,-2.99351],[-60.0212,-2.99362],[-60.02099,-2.99378],[-60.0208,-2.99396],[-60.02069,-2.99408],[-60.02061,-2.99421],[-60.02048,-2.99446],[-60.02029,-2.99487],[-60.02015,-2.99518],[-60.01998,-2.99548],[-60.01979,-2.99577],[-60.01951,-2.99605],[-60.01936,-2.99616],[-60.019,-2.99637],[-60.01875,-2.99649],[-60.01826,-2.99671],[-60.01776,-2.99695],[-60.01704,-2.99731],[-60.01615,-2.99773],[-60.01503,-2.99826],[-60.01398,-2.99877],[-60.0131,-2.99918],[-60.01231,-2.99956],[-60.00978,-3.00079],[-60.00902,-3.00113],[-60.00865,-3.00124],[-60.00825,-3.00132],[-60.00778,-3.00136],[-60.00702,-3.00139],[-60.00603,-3.00144],[-60.00596,-3.0017],[-60.00579,-3.00221],[-60.00569,-3.00303],[-60.00561,-3.00339],[-60.00553,-3.00362],[-60.00536,-3.00389],[-60.00514,-3.00406],[-60.00477,-3.00414],[-60.00432,-3.00409],[-60.00416,-3.00402],[-60.00394,-3.004],[-60.00375,-3.00404],[-60.00351,-3.00416],[-60.0034,-3.00421],[-60.00324,-3.00429],[-60.003,-3.00441],[-60.00265,-3.00444],[-60.00217,-3.00453],[-60.00186,-3.00456],[-60.00156,-3.00468],[-60.00136,-3.00479],[-60.00126,-3.00493],[-60.00122,-3.00506],[-60.0012,-3.00525],[-60.00115,-3.00736],[-60.00106,-3.00772],[-60.0009,-3.0079],[-60.00067,-3.00795],[-60.00068,-3.00797],[-60.00065,-3.00858],[-60.00062,-3.00888],[-60.00063,-3.0092],[-60.00065,-3.00979],[-60.00066,-3.01025],[-60.00065,-3.01076],[-60.00073,-3.01211],[-60.00078,-3.01311],[-60.00082,-3.01503],[-60.00083,-3.01555],[-60.0002,-3.01787],[-59.99984,-3.02037],[-59.99928,-3.02051],[-59.99929,-3.02055],[-59.99961,-3.02208],[-60.00077,-3.02215],[-60.00087,-3.02221],[-60.00091,-3.02227],[-60.00092,-3.02321],[-60.00192,-3.02318],[-60.00264,-3.02318],[-60.00301,-3.02336],[-60.00319,-3.02346],[-60.00328,-3.02376],[-60.00331,-3.02401],[-60.00332,-3.02436],[-60.00387,-3.02436],[-60.00393,-3.02451],[-60.00394,-3.02559],[-60.00496,-3.02557],[-60.00496,-3.02699],[-60.00502,-3.027],[-60.00521,-3.0278],[-60.00535,-3.02775],[-60.0072,-3.02694],[-60.00847,-3.02638],[-60.00854,-3.02622],[-60.00863,-3.02604],[-60.00895,-3.02561],[-60.00901,-3.02551],[-60.00912,-3.02541],[-60.00915,-3.02533],[-60.00916,-3.02495],[-60.01128,-3.0249],[-60.01095,-3.02428],[-60.01088,-3.0242],[-60.01071,-3.02407],[-60.01017,-3.02375],[-60.00946,-3.02319],[-60.00938,-3.02314],[-60.00909,-3.02298],[-60.00884,-3.02267],[-60.00875,-3.02253],[-60.00869,-3.02232],[-60.00864,-3.02222],[-60.00851,-3.02188],[-60.00909,-3.02182],[-60.01211,-3.02166],[-60.01222,-3.02153],[-60.01206,-3.02041],[-60.01182,-3.01892],[-60.01183,-3.01887],[-60.01185,-3.01885],[-60.01392,-3.01941],[-60.0144,-3.01951],[-60.01447,-3.01951],[-60.01452,-3.01948],[-60.01508,-3.01884],[-60.0167,-3.02045],[-60.01827,-3.02198],[-60.01791,-3.02506],[-60.01584,-3.0258],[-60.01633,-3.02631],[-60.01722,-3.02717],[-60.01739,-3.02733],[-60.017,-3.02748],[-60.01823,-3.02839],[-60.01834,-3.02845],[-60.01843,-3.02827],[-60.01851,-3.02814],[-60.01863,-3.02797],[-60.01888,-3.02767],[-60.01962,-3.02689],[-60.01972,-3.0268],[-60.02013,-3.02639],[-60.02067,-3.02582],[-60.0209,-3.02559],[-60.02121,-3.02527],[-60.02125,-3.02523],[-60.02151,-3.02494],[-60.02177,-3.02469],[-60.02209,-3.02434],[-60.02261,-3.02379],[-60.0234,-3.02299],[-60.02469,-3.02166],[-60.02498,-3.02136],[-60.02527,-3.02107],[-60.02642,-3.01985],[-60.02667,-3.01957],[-60.02716,-3.019],[-60.02777,-3.01821],[-60.02878,-3.01671],[-60.02976,-3.01513],[-60.03028,-3.01434],[-60.0304,-3.01388],[-60.03041,-3.01375],[-60.03068,-3.01348],[-60.031,-3.01316],[-60.03202,-3.01156],[-60.03229,-3.01111],[-60.03245,-3.01082],[-60.03261,-3.01045],[-60.03273,-3.01014],[-60.03286,-3.00969],[-60.03295,-3.0093],[-60.03303,-3.00874],[-60.03306,-3.00841],[-60.03306,-3.00814],[-60.03305,-3.00784],[-60.03303,-3.00749],[-60.03299,-3.00717],[-60.03276,-3.00606],[-60.0326,-3.00537],[-60.03259,-3.00531],[-60.03253,-3.00506],[-60.03237,-3.00432],[-60.03213,-3.00312],[-60.032,-3.00256],[-60.03183,-3.0018],[-60.03157,-3.00064],[-60.03135,-2.99958],[-60.03131,-2.99928],[-60.0313,-2.99914],[-60.03133,-2.99643],[-60.03131,-2.99601],[-60.03128,-2.99572],[-60.03117,-2.99537],[-60.0311,-2.99492],[-60.03099,-2.99462],[-60.03091,-2.99429]]]}},{"type":"Feature","id":"Lago Azul","properties":{"bairro":"Lago Azul","zona":"Norte"},"geometry":{"type":"Polygon","coordinates":[[[-60.01569,-2.97364],[-60.01564,-2.97259],[-60.01576,-2.97181],[-60.01588,-2.97153],[-60.01603,-2.97131],[-60.01609,-2.97112],[-60.01644,-2.97076],[-60.01866,-2.96833],[-60.01933,-2.96755],[-60.01948,-2.96739],[-60.02054,-2.96629],[-60.02104,-2.96578],[-60.02153,-2.96542],[-60.0219,-2.96524],[-60.02359,-2.96442],[-60.02543,-2.96354],[-60.02688,-2.96288],[-60.02833,-2.96221],[-60.02994,-2.96146],[-60.03095,-2.96088],[-60.03126,-2.96064],[-60.03181,-2.96013],[-60.0324,-2.95934],[-60.03294,-2.95813],[-60.03315,-2.95715],[-60.03321,-2.95568],[-60.0335,-2.94621],[-60.02408,-2.94505],[-60.02323,-2.94434],[-60.02304,-2.94342],[-60.02234,-2.94314],[-60.022,-2.94318],[-60.02174,-2.94364],[-60.0215,-2.94413],[-60.02084,-2.9445],[-60.01523,-2.94818],[-60.01338,-2.94609],[-60.01319,-2.94584],[-60.01277,-2.94527],[-60.01259,-2.94501],[-60.01127,-2.94188],[-60.01117,-2.94139],[-60.01038,-2.93576],[-60.01017,-2.93487],[-60.00983,-2.93404],[-60.00841,-2.93229],[-60.00672,-2.93107],[-60.00526,-2.92999],[-60.00496,-2.92977],[-60.00091,-2.92677],[-59.99998,-2.92613],[-59.99961,-2.92587],[-59.99912,-2.92547],[-59.99871,-2.92509],[-59.9983,-2.9246],[-59.99811,-2.92438],[-59.99779,-2.92385],[-59.99758,-2.9234],[-59.99754,-2.92329],[-59.99729,-2.92258],[-59.99617,-2.91902],[-59.99582,-2.91785],[-59.99566,-2.91741],[-59.99547,-2.91703],[-59.99518,-2.9166],[-59.99484,-2.91622],[-59.99429,-2.91562],[-59.9939,-2.91525],[-59.99372,-2.91509],[-59.99287,-2.91443],[-59.99256,-2.91427],[-59.99225,-2.91415],[-59.99192,-2.91405],[-59.9914,-2.91398],[-59.99098,-2.91398],[-59.99041,-2.91402],[-59.98567,-2.9143],[-59.984,-2.91434],[-59.98163,-2.92313],[-59.97617,-2.95591],[-59.97312,-2.97467],[-59.97462,-2.97493],[-59.97822,-2.97557],[-59.98116,-2.97593],[-59.98304,-2.97534],[-59.98537,-2.97441],[-59.98867,-2.97317],[-59.99016,-2.97649],[-59.99079,-2.97801],[-59.99112,-2.97883],[-59.99134,-2.97938],[-59.99162,-2.98004],[-59.99283,-2.98289],[-59.99302,-2.98318],[-59.9931,-2.98327],[-59.99317,-2.98338],[-59.9934,-2.98339],[-59.99354,-2.98334],[-59.99377,-2.98326],[-59.9941,-2.98322],[-59.99424,-2.98321],[-59.99439,-2.9832],[-59.99467,-2.98314],[-59.99491,-2.98304],[-59.99512,-2.98298],[-59.9953,-2.9828],[-59.99589,-2.98253],[-59.99642,-2.98228],[-59.99769,-2.98172],[-59.9988,-2.98134],[-60.0002,-2.98083],[-60.0005,-2.98083],[-60.00071,-2.9808],[-60.00085,-2.98072],[-60.00105,-2.98069],[-60.00145,-2.9807],[-60.00176,-2.98073],[-60.002,-2.98076],[-60.00348,-2.98067],[-60.00362,-2.98072],[-60.00403,-2.98066],[-60.00462,-2.98056],[-60.00495,-2.98043],[-60.00544,-2.97999],[-60.00596,-2.97958],[-60.00659,-2.97905],[-60.00697,-2.97895],[-60.00704,-2.97877],[-60.00715,-2.97867],[-60.00748,-2.97863],[-60.00766,-2.97865],[-60.00805,-2.97906],[-60.00815,-2.9792],[-60.00848,-2.9792],[-60.00864,-2.97914],[-60.00895,-2.97905],[-60.00927,-2.97914],[-60.00938,-2.97909],[-60.00946,-2.97901],[-60.0096,-2.97885],[-60.0097,-2.97879],[-60.00983,-2.97874],[-60.00999,-2.97871],[-60.01034,-2.97858],[-60.01069,-2.97837],[-60.01118,-2.97811],[-60.01152,-2.97789],[-60.01239,-2.97749],[-60.01277,-2.97732],[-60.01291,-2.9773],[-60.01296,-2.9773],[-60.01329,-2.97713],[-60.01369,-2.97688],[-60.01383,-2.97682],[-60.01389,-2.97659],[-60.0139,-2.976],[-60.01392,-2.97569],[-60.01391,-2.9753],[-60.01389,-2.9751],[-60.01388,-2.97508],[-60.01387,-2.97501],[-60.01383,-2.97484],[-60.014,-2.97449],[-60.01414,-2.97423],[-60.01433,-2.97406],[-60.01459,-2.97383],[-60.01485,-2.97379],[-60.01501,-2.9738],[-60.01527,-2.97376],[-60.01555,-2.97364],[-60.01569,-2.97364]]]}},{"type":"Feature","id":"Nova Cidade","properties":{"bairro":"Nova Cidade","zona":"Norte"},"geometry":{"type":"Polygon","coordinates":[[[-59.97946,-3.01266],[-59.97558,-3.01268],[-59.97439,-3.01269],[-59.97437,-3.01153],[-59.97399,-3.01152],[-59.97397,-3.01001],[-59.97366,-3.00996],[-59.97356,-3.00994],[-59.97291,-3.00971],[-59.97236,-3.0103],[-59.97185,-3.01029],[-59.97133,-3.01029],[-59.97088,-3.01025],[-59.97071,-3.01036],[-59.96976,-3.01096],[-59.96902,-3.01132],[-59.96812,-3.01173],[-59.96755,-3.01197],[-59.96659,-3.01229],[-59.96609,-3.01243],[-59.96499,-3.01273],[-59.9647,-3.01279],[-59.96435,-3.01279],[-59.96398,-3.01271],[-59.96364,-3.01259],[-59.96279,-3.01198],[-59.9629,-3.01185],[-59.96296,-3.01182],[-59.963,-3.01176],[-59.96305,-3.01167],[-59.96308,-3.01164],[-59.9631,-3.01157],[-59.96315,-3.01148],[-59.96321,-3.01142],[-59.96327,-3.01138],[-59.96336,-3.01132],[-59.96348,-3.01128],[-59.96358,-3.01124],[-59.96369,-3.01119],[-59.96381,-3.01112],[-59.96394,-3.01107],[-59.96408,-3.01105],[-59.96423,-3.01101],[-59.9643,-3.01094],[-59.96437,-3.0109],[-59.9644,-3.01081],[-59.96446,-3.01075],[-59.96447,-3.01063],[-59.96448,-3.0105],[-59.96454,-3.0104],[-59.96464,-3.01031],[-59.96478,-3.0102],[-59.96488,-3.01004],[-59.96496,-3.00984],[-59.96495,-3.00967],[-59.96499,-3.00938],[-59.96503,-3.00924],[-59.9651,-3.00912],[-59.96525,-3.00892],[-59.96527,-3.00871],[-59.96536,-3.00853],[-59.96562,-3.00828],[-59.96563,-3.00826],[-59.96568,-3.00816],[-59.96568,-3.00801],[-59.96569,-3.00785],[-59.96571,-3.00768],[-59.96569,-3.00744],[-59.9657,-3.00726],[-59.96565,-3.00703],[-59.96565,-3.00697],[-59.96761,-3.00721],[-59.96895,-2.99927],[-59.97028,-2.99138],[-59.97041,-2.99053],[-59.97059,-2.98934],[-59.97312,-2.97467],[-59.97462,-2.97493],[-59.97822,-2.97557],[-59.98116,-2.97593],[-59.98304,-2.97534],[-59.98537,-2.97441],[-59.98867,-2.97317],[-59.99016,-2.97649],[-59.99079,-2.97801],[-59.99112,-2.97883],[-59.99134,-2.97938],[-59.99162,-2.98004],[-59.99283,-2.98289],[-59.99302,-2.98318],[-59.9931,-2.98327],[-59.99283,-2.98336],[-59.99274,-2.98334],[-59.99254,-2.98337],[-59.99239,-2.98341],[-59.99217,-2.98339],[-59.99198,-2.98336],[-59.99159,-2.98335],[-59.99138,-2.9832],[-59.99119,-2.98318],[-59.99097,-2.9833],[-59.99055,-2.9834],[-59.99039,-2.98378],[-59.99023,-2.98391],[-59.99008,-2.9839],[-59.98983,-2.98387],[-59.98987,-2.98391],[-59.98985,-2.98581],[-59.98985,-2.98592],[-59.98989,-2.98601],[-59.98999,-2.98608],[-59.99006,-2.98619],[-59.9901,-2.98631],[-59.9901,-2.98642],[-59.99002,-2.98666],[-59.9899,-2.98676],[-59.98978,-2.98679],[-59.98965,-2.98679],[-59.98952,-2.98678],[-59.98939,-2.98675],[-59.98926,-2.98674],[-59.98917,-2.98677],[-59.98908,-2.98681],[-59.98906,-2.98777],[-59.9888,-2.99925],[-59.98891,-2.9994],[-59.9901,-2.99948],[-59.99147,-2.99961],[-59.99133,-3.00191],[-59.99104,-3.00628],[-59.99095,-3.00747],[-59.99082,-3.0095],[-59.99097,-3.01008],[-59.99154,-3.01231],[-59.99074,-3.01648],[-59.99096,-3.01661],[-59.99132,-3.01694],[-59.9915,-3.01705],[-59.99179,-3.01715],[-59.99161,-3.01745],[-59.99146,-3.01784],[-59.9914,-3.01806],[-59.9913,-3.01831],[-59.99119,-3.0188],[-59.99112,-3.0189],[-59.99085,-3.01896],[-59.99059,-3.01896],[-59.98999,-3.01895],[-59.98935,-3.01858],[-59.98907,-3.01848],[-59.9888,-3.01851],[-59.9883,-3.01853],[-59.98716,-3.01892],[-59.98676,-3.01978],[-59.98676,-3.01985],[-59.98675,-3.02065],[-59.98674,-3.02079],[-59.98662,-3.02133],[-59.98626,-3.0217],[-59.98585,-3.02183],[-59.98331,-3.02266],[-59.98221,-3.02268],[-59.98117,-3.02248],[-59.98094,-3.0225],[-59.98092,-3.02248],[-59.98093,-3.02175],[-59.98085,-3.0186],[-59.97937,-3.01865],[-59.97938,-3.01712],[-59.97964,-3.01711],[-59.9796,-3.01528],[-59.97947,-3.01528],[-59.97947,-3.0144],[-59.97946,-3.01343],[-59.97946,-3.01266]]]}},{"type":"Feature","id":"Santa Etelvina","properties":{"bairro":"Santa Etelvina","zona":"Norte"},"geometry":{"type":"Polygon","coordinates":[[[-59.9931,-2.98327],[-59.99317,-2.98338],[-59.9934,-2.98339],[-59.99354,-2.98334],[-59.99377,-2.98326],[-59.9941,-2.98322],[-59.99424,-2.98321],[-59.99439,-2.9832],[-59.99467,-2.98314],[-59.99491,-2.98304],[-59.99512,-2.98298],[-59.9953,-2.9828],[-59.99589,-2.98253],[-59.99642,-2.98228],[-59.99769,-2.98172],[-59.9988,-2.98134],[-60.0002,-2.98083],[-60.0005,-2.98083],[-60.00071,-2.9808],[-60.00085,-2.98072],[-60.00105,-2.98069],[-60.00145,-2.9807],[-60.00176,-2.98073],[-60.002,-2.98076],[-60.00348,-2.98067],[-60.00362,-2.98072],[-60.00403,-2.98066],[-60.00462,-2.98056],[-60.00495,-2.98043],[-60.00544,-2.97999],[-60.00596,-2.97958],[-60.00659,-2.97905],[-60.00697,-2.97895],[-60.00704,-2.97877],[-60.00715,-2.97867],[-60.00748,-2.97863],[-60.00766,-2.97865],[-60.00805,-2.97906],[-60.00815,-2.9792],[-60.00848,-2.9792],[-60.00864,-2.97914],[-60.00895,-2.97905],[-60.00927,-2.97914],[-60.00938,-2.97909],[-60.00946,-2.97901],[-60.0096,-2.97885],[-60.0097,-2.97879],[-60.00983,-2.97874],[-60.00999,-2.97871],[-60.01034,-2.97858],[-60.01069,-2.97837],[-60.01118,-2.97811],[-60.01152,-2.97789],[-60.01239,-2.97749],[-60.01277,-2.97732],[-60.01291,-2.9773],[-60.01296,-2.9773],[-60.01329,-2.97713],[-60.01369,-2.97688],[-60.01383,-2.97682],[-60.01389,-2.97659],[-60.0139,-2.976],[-60.01392,-2.97569],[-60.01391,-2.9753],[-60.01389,-2.9751],[-60.01388,-2.97508],[-60.01387,-2.97501],[-60.01383,-2.97484],[-60.014,-2.97449],[-60.01414,-2.97423],[-60.01433,-2.97406],[-60.01459,-2.97383],[-60.01485,-2.97379],[-60.01501,-2.9738],[-60.01527,-2.97376],[-60.01555,-2.97364],[-60.01569,-2.97364],[-60.0157,-2.97425],[-60.01572,-2.97474],[-60.01575,-2.97574],[-60.01575,-2.97617],[-60.01576,-2.97641],[-60.01581,-2.97673],[-60.01586,-2.97704],[-60.01594,-2.97744],[-60.01606,-2.97787],[-60.01627,-2.97847],[-60.01645,-2.9789],[-60.01662,-2.97924],[-60.01697,-2.97987],[-60.01729,-2.98033],[-60.0176,-2.98069],[-60.01792,-2.98109],[-60.01868,-2.98183],[-60.01915,-2.98232],[-60.01965,-2.98281],[-60.01989,-2.98299],[-60.02014,-2.98325],[-60.02085,-2.9839],[-60.02142,-2.98445],[-60.02178,-2.98478],[-60.02181,-2.98481],[-60.02224,-2.98526],[-60.02226,-2.98528],[-60.0226,-2.98559],[-60.02339,-2.9864],[-60.02442,-2.98741],[-60.02584,-2.98878],[-60.02687,-2.98974],[-60.02768,-2.99055],[-60.02869,-2.99158],[-60.02884,-2.99174],[-60.02906,-2.9919],[-60.02922,-2.99203],[-60.02937,-2.99216],[-60.02985,-2.99276],[-60.03046,-2.99345],[-60.03091,-2.99429],[-60.03065,-2.99422],[-60.03055,-2.99411],[-60.03041,-2.99403],[-60.03016,-2.99392],[-60.02975,-2.99375],[-60.02915,-2.99351],[-60.02903,-2.99346],[-60.0288,-2.99337],[-60.02838,-2.99327],[-60.02796,-2.99324],[-60.02712,-2.99326],[-60.02659,-2.99328],[-60.02605,-2.99329],[-60.02552,-2.99331],[-60.02496,-2.99333],[-60.02444,-2.99333],[-60.02413,-2.99334],[-60.02353,-2.99335],[-60.02326,-2.99336],[-60.02257,-2.99336],[-60.02215,-2.99337],[-60.02188,-2.99339],[-60.02168,-2.99343],[-60.02144,-2.99351],[-60.0212,-2.99362],[-60.02099,-2.99378],[-60.0208,-2.99396],[-60.02069,-2.99408],[-60.02061,-2.99421],[-60.02048,-2.99446],[-60.02029,-2.99487],[-60.02015,-2.99518],[-60.01998,-2.99548],[-60.01979,-2.99577],[-60.01951,-2.99605],[-60.01936,-2.99616],[-60.019,-2.99637],[-60.01875,-2.99649],[-60.01826,-2.99671],[-60.01776,-2.99695],[-60.01704,-2.99731],[-60.01615,-2.99773],[-60.01503,-2.99826],[-60.01398,-2.99877],[-60.0131,-2.99918],[-60.01231,-2.99956],[-60.00978,-3.00079],[-60.00902,-3.00113],[-60.00865,-3.00124],[-60.00825,-3.00132],[-60.00778,-3.00136],[-60.00702,-3.00139],[-60.00603,-3.00144],[-60.00574,-3.00144],[-60.00529,-3.00145],[-60.00396,-3.00145],[-60.00277,-3.00128],[-60.00195,-3.00111],[-60.00108,-3.00096],[-60.00058,-3.00088],[-60.00028,-3.00079],[-60.00003,-3.0007],[-59.99972,-3.00055],[-59.99936,-3.00033],[-59.99908,-3.00016],[-59.99871,-2.99995],[-59.99846,-2.99987],[-59.99822,-2.9998],[-59.998,-2.99976],[-59.99798,-2.99975],[-59.99815,-2.99914],[-59.99851,-2.99801],[-59.99881,-2.99702],[-59.99895,-2.99648],[-59.99901,-2.99623],[-59.99911,-2.99567],[-59.99916,-2.99505],[-59.99914,-2.99447],[-59.99909,-2.99349],[-59.99905,-2.99295],[-59.99906,-2.99198],[-59.99841,-2.99202],[-59.99772,-2.99209],[-59.99701,-2.99216],[-59.9959,-2.99224],[-59.99501,-2.99228],[-59.99525,-2.99071],[-59.99502,-2.99068],[-59.99455,-2.99063],[-59.99426,-2.99063],[-59.994,-2.99064],[-59.99448,-2.98773],[-59.99461,-2.98693],[-59.99473,-2.98613],[-59.99345,-2.98618],[-59.99221,-2.98622],[-59.99123,-2.98631],[-59.99049,-2.98637],[-59.99034,-2.9864],[-59.99022,-2.98647],[-59.99002,-2.98666],[-59.9901,-2.98642],[-59.9901,-2.98631],[-59.99006,-2.98619],[-59.98999,-2.98608],[-59.98989,-2.98601],[-59.98985,-2.98592],[-59.98985,-2.98581],[-59.98987,-2.98391],[-59.98983,-2.98387],[-59.99008,-2.9839],[-59.99023,-2.98391],[-59.99039,-2.98378],[-59.99055,-2.9834],[-59.99097,-2.9833],[-59.99119,-2.98318],[-59.99138,-2.9832],[-59.99159,-2.98335],[-59.99198,-2.98336],[-59.99217,-2.98339],[-59.99239,-2.98341],[-59.99254,-2.98337],[-59.99274,-2.98334],[-59.99283,-2.98336],[-59.9931,-2.98327]]]}},{"type":"Feature","id":"Adrianópolis","properties":{"bairro":"Adrianópolis","zona":"Centro-Sul"},"geometry":{"type":"Polygon","coordinates":[[[-60.00382,-3.08575],[-60.00408,-3.08666],[-60.00412,-3.08677],[-60.00437,-3.08721],[-60.00445,-3.0873],[-60.00589,-3.08853],[-60.00602,-3.08862],[-60.00629,-3.08877],[-60.00918,-3.08958],[-60.00921,-3.09037],[-60.00923,-3.09072],[-60.00927,-3.09128],[-60.00936,-3.0928],[-60.00956,-3.09628],[-60.00961,-3.09702],[-60.00961,-3.0971],[-60.00976,-3.09946],[-60.01012,-3.09942],[-60.01015,-3.10012],[-60.01348,-3.09987],[-60.01351,-3.09986],[-60.01351,-3.09988],[-60.01357,-3.10067],[-60.01361,-3.1014],[-60.01362,-3.10167],[-60.01367,-3.10253],[-60.0137,-3.10252],[-60.01478,-3.10234],[-60.01482,-3.10266],[-60.01574,-3.10249],[-60.01571,-3.10286],[-60.01572,-3.10333],[-60.01576,-3.10488],[-60.0158,-3.10563],[-60.01584,-3.10651],[-60.01587,-3.10731],[-60.01589,-3.10767],[-60.01589,-3.10767],[-60.01605,-3.11018],[-60.01614,-3.11134],[-60.01622,-3.11216],[-60.01631,-3.11318],[-60.01633,-3.11339],[-60.01639,-3.11369],[-60.0166,-3.11415],[-60.01664,-3.11431],[-60.01667,-3.11454],[-60.01672,-3.11584],[-60.01536,-3.1158],[-60.01348,-3.11581],[-60.012,-3.11587],[-60.01174,-3.11589],[-60.01144,-3.11601],[-60.01111,-3.11597],[-60.01099,-3.11596],[-60.01093,-3.11595],[-60.01084,-3.11596],[-60.01076,-3.11588],[-60.01069,-3.11583],[-60.01063,-3.11575],[-60.01058,-3.11565],[-60.01055,-3.11555],[-60.01053,-3.11544],[-60.01053,-3.11532],[-60.01061,-3.11499],[-60.01064,-3.11467],[-60.01057,-3.11371],[-60.01053,-3.11317],[-60.01051,-3.11295],[-60.01051,-3.11293],[-60.0105,-3.11276],[-60.01049,-3.11264],[-60.01048,-3.11249],[-60.01039,-3.11108],[-60.01038,-3.11097],[-60.01033,-3.11021],[-60.01028,-3.1094],[-60.01024,-3.108],[-60.01022,-3.10781],[-60.00843,-3.10703],[-60.00766,-3.10661],[-60.00747,-3.10649],[-60.00709,-3.10618],[-60.00684,-3.10598],[-60.00699,-3.1058],[-60.00766,-3.10507],[-60.00763,-3.105],[-60.0075,-3.10474],[-60.00721,-3.10419],[-60.00659,-3.10299],[-60.00639,-3.10262],[-60.0063,-3.10245],[-60.00628,-3.10239],[-60.00618,-3.10217],[-60.00607,-3.10189],[-60.00601,-3.10163],[-60.00588,-3.101],[-60.00584,-3.10073],[-60.00582,-3.10055],[-60.00583,-3.10033],[-60.00582,-3.10002],[-60.00584,-3.09955],[-60.00586,-3.09946],[-60.00588,-3.09935],[-60.00607,-3.09885],[-60.00645,-3.09801],[-60.00649,-3.09793],[-60.00661,-3.09777],[-60.00669,-3.0977],[-60.00628,-3.09729],[-60.00603,-3.09704],[-60.00596,-3.09695],[-60.00559,-3.09635],[-60.00561,-3.09631],[-60.00564,-3.09627],[-60.00571,-3.09621],[-60.0052,-3.09556],[-60.00486,-3.09508],[-60.0048,-3.09498],[-60.00452,-3.09466],[-60.00395,-3.09492],[-60.00358,-3.09506],[-60.00326,-3.09503],[-60.00293,-3.09502],[-60.00285,-3.0947],[-60.00277,-3.09435],[-60.00287,-3.09423],[-60.00382,-3.09384],[-60.00357,-3.09336],[-60.00314,-3.09226],[-60.00338,-3.09218],[-60.00371,-3.09213],[-60.00357,-3.09198],[-60.00315,-3.09149],[-60.00269,-3.09097],[-60.00227,-3.09124],[-60.00186,-3.09145],[-60.00135,-3.09066],[-60.00127,-3.09054],[-60.0012,-3.09043],[-60.001,-3.0901],[-60.00137,-3.08984],[-60.00032,-3.08842],[-60.00004,-3.08803],[-60.00046,-3.08789],[-60.00077,-3.08777],[-60.00114,-3.08771],[-60.00172,-3.08759],[-60.00203,-3.0875],[-60.0022,-3.08733],[-60.00225,-3.08724],[-60.00243,-3.087],[-60.00273,-3.08674],[-60.0029,-3.08671],[-60.00306,-3.08662],[-60.00321,-3.08646],[-60.0033,-3.08634],[-60.00339,-3.08622],[-60.0035,-3.08603],[-60.00356,-3.08595],[-60.00382,-3.08575]]]}},{"type":"Feature","id":"Educandos","properties":{"bairro":"Educandos","zona":"Sul"},"geometry":{"type":"Polygon","coordinates":[[[-60.00949,-3.13638],[-60.0092,-3.1367],[-60.00875,-3.13721],[-60.00836,-3.13765],[-60.0083,-3.13775],[-60.0082,-3.13808],[-60.00821,-3.13863],[-60.00821,-3.13885],[-60.00821,-3.13909],[-60.00822,-3.13946],[-60.00822,-3.13967],[-60.00823,-3.14057],[-60.00823,-3.14059],[-60.00813,-3.1406],[-60.00759,-3.14068],[-60.00743,-3.14074],[-60.00727,-3.14081],[-60.00712,-3.1409],[-60.00701,-3.14098],[-60.00691,-3.14105],[-60.00641,-3.14141],[-60.00588,-3.14175],[-60.00561,-3.14185],[-60.00484,-3.14215],[-60.00525,-3.14293],[-60.00536,-3.14315],[-60.00581,-3.14364],[-60.00666,-3.1441],[-60.0081,-3.14526],[-60.00881,-3.14555],[-60.00903,-3.1457],[-60.00931,-3.14592],[-60.00987,-3.14675],[-60.00994,-3.14661],[-60.01013,-3.14647],[-60.01113,-3.14596],[-60.01147,-3.14577],[-60.01151,-3.14549],[-60.01202,-3.14515],[-60.01309,-3.14444],[-60.01521,-3.14392],[-60.01582,-3.14376],[-60.01619,-3.14366],[-60.01664,-3.14369],[-60.01693,-3.1436],[-60.01717,-3.14353],[-60.01723,-3.14306],[-60.01709,-3.14199],[-60.01696,-3.14194],[-60.01661,-3.14117],[-60.01652,-3.1411],[-60.01643,-3.14112],[-60.01637,-3.14104],[-60.01607,-3.14082],[-60.01574,-3.13996],[-60.01571,-3.13988],[-60.01639,-3.13963],[-60.01587,-3.13904],[-60.01514,-3.13889],[-60.01422,-3.13908],[-60.01209,-3.13953],[-60.01048,-3.13874],[-60.01056,-3.1382],[-60.01085,-3.13775],[-60.01079,-3.13692],[-60.01029,-3.13649],[-60.00986,-3.13627],[-60.00958,-3.1363],[-60.00949,-3.13638]]]}},{"type":"Feature","id":"Cachoeirinha","properties":{"bairro":"Cachoeirinha","zona":"Sul"},"geometry":{"type":"Polygon","coordinates":[[[-60.01144,-3.11601],[-60.01111,-3.11597],[-60.01099,-3.11596],[-60.01093,-3.11595],[-60.01084,-3.11596],[-60.01076,-3.11588],[-60.01069,-3.11583],[-60.01063,-3.11575],[-60.01058,-3.11565],[-60.01055,-3.11555],[-60.01053,-3.11544],[-60.01053,-3.11532],[-60.01061,-3.11499],[-60.01064,-3.11467],[-60.00989,-3.11505],[-60.00966,-3.11515],[-60.00948,-3.11526],[-60.00919,-3.11546],[-60.00891,-3.11562],[-60.00878,-3.11568],[-60.00829,-3.11592],[-60.00815,-3.11599],[-60.00721,-3.11647],[-60.00712,-3.11653],[-60.00708,-3.11654],[-60.00665,-3.11688],[-60.0065,-3.11708],[-60.00636,-3.11728],[-60.00625,-3.11747],[-60.00614,-3.11768],[-60.00598,-3.11807],[-60.00594,-3.11828],[-60.00589,-3.11854],[-60.00579,-3.11927],[-60.00578,-3.11945],[-60.00579,-3.11996],[-60.00579,-3.12004],[-60.00569,-3.12004],[-60.00438,-3.12012],[-60.00434,-3.12012],[-60.00415,-3.12011],[-60.00378,-3.12012],[-60.00366,-3.12013],[-60.00294,-3.12015],[-60.0022,-3.12015],[-60.00202,-3.12016],[-60.00173,-3.1201],[-60.00154,-3.12003],[-60.00132,-3.11993],[-60.00092,-3.11971],[-60.00083,-3.11967],[-60.00078,-3.11964],[-60.00068,-3.11958],[-60.00058,-3.11977],[-60.00038,-3.12012],[-60.00018,-3.12046],[-60.00008,-3.12087],[-59.99998,-3.12177],[-60.0,-3.12211],[-60.00014,-3.12256],[-60.00016,-3.12285],[-60.00013,-3.12344],[-60.00018,-3.12368],[-60.00037,-3.12423],[-60.00065,-3.12504],[-60.00082,-3.12536],[-60.00093,-3.12564],[-60.00102,-3.12591],[-60.00106,-3.12605],[-60.00106,-3.12625],[-60.00104,-3.12661],[-60.00111,-3.12697],[-60.00115,-3.12716],[-60.00121,-3.12755],[-60.00125,-3.12776],[-60.00125,-3.12794],[-60.00121,-3.12822],[-60.00117,-3.12873],[-60.00117,-3.12912],[-60.00116,-3.12929],[-60.00116,-3.12949],[-60.00102,-3.13068],[-60.00096,-3.13109],[-60.00089,-3.13131],[-60.00076,-3.13182],[-60.00071,-3.13206],[-60.00061,-3.13252],[-60.0006,-3.1326],[-60.00056,-3.1328],[-60.00075,-3.13287],[-60.00095,-3.133],[-60.00139,-3.13319],[-60.00171,-3.13341],[-60.00212,-3.13359],[-60.0024,-3.13374],[-60.00279,-3.13399],[-60.00321,-3.13433],[-60.00408,-3.13522],[-60.0046,-3.13568],[-60.00557,-3.13624],[-60.006,-3.13645],[-60.00629,-3.1366],[-60.00655,-3.13665],[-60.00699,-3.13667],[-60.00743,-3.13662],[-60.00796,-3.13646],[-60.00816,-3.13639],[-60.00827,-3.13635],[-60.00846,-3.13635],[-60.00894,-3.13627],[-60.00921,-3.13618],[-60.00941,-3.13617],[-60.00972,-3.13622],[-60.00983,-3.13592],[-60.01004,-3.13557],[-60.0101,-3.13543],[-60.01018,-3.13516],[-60.01037,-3.13445],[-60.0104,-3.13418],[-60.01033,-3.1337],[-60.01013,-3.13268],[-60.01,-3.13188],[-60.00995,-3.13143],[-60.00994,-3.13117],[-60.00975,-3.13063],[-60.00939,-3.12971],[-60.00937,-3.1296],[-60.0094,-3.12949],[-60.00955,-3.12897],[-60.00956,-3.12875],[-60.0096,-3.12858],[-60.00956,-3.12842],[-60.00954,-3.12798],[-60.00956,-3.12745],[-60.00948,-3.1268],[-60.00953,-3.12672],[-60.00954,-3.12627],[-60.00954,-3.12593],[-60.00949,-3.12589],[-60.00945,-3.12578],[-60.00942,-3.12557],[-60.00951,-3.1253],[-60.00956,-3.1249],[-60.00968,-3.12453],[-60.00972,-3.12436],[-60.00979,-3.12408],[-60.00983,-3.12386],[-60.00993,-3.12367],[-60.00999,-3.12348],[-60.00996,-3.12332],[-60.01,-3.12318],[-60.01002,-3.12309],[-60.01007,-3.12292],[-60.01011,-3.12279],[-60.01021,-3.1226],[-60.01052,-3.12227],[-60.01064,-3.12212],[-60.01072,-3.122],[-60.0108,-3.12157],[-60.01087,-3.12133],[-60.01087,-3.12113],[-60.01087,-3.12101],[-60.0108,-3.12095],[-60.01069,-3.12095],[-60.01062,-3.12089],[-60.01052,-3.12085],[-60.0105,-3.12064],[-60.01029,-3.12064],[-60.01025,-3.12054],[-60.01023,-3.12038],[-60.01023,-3.12024],[-60.01022,-3.12005],[-60.01019,-3.11991],[-60.01012,-3.11981],[-60.01001,-3.11966],[-60.00982,-3.11932],[-60.00966,-3.11907],[-60.00943,-3.11881],[-60.00916,-3.11873],[-60.00897,-3.11868],[-60.00889,-3.11857],[-60.00885,-3.1185],[-60.00883,-3.11815],[-60.00882,-3.11783],[-60.00862,-3.11742],[-60.00854,-3.11723],[-60.00872,-3.11717],[-60.00878,-3.11718],[-60.00906,-3.11725],[-60.00915,-3.11725],[-60.00925,-3.11723],[-60.00958,-3.11729],[-60.00976,-3.11733],[-60.01006,-3.11739],[-60.01086,-3.11739],[-60.01097,-3.11737],[-60.011,-3.11718],[-60.0118,-3.11712],[-60.01181,-3.11687],[-60.01182,-3.11624],[-60.01175,-3.11614],[-60.01172,-3.1161],[-60.01167,-3.11607],[-60.01162,-3.11604],[-60.01152,-3.11604],[-60.01144,-3.11601]]]}},{"type":"Feature","id":"Raiz","properties":{"bairro":"Raiz","zona":"Sul"},"geometry":{"type":"Polygon","coordinates":[[[-60.00018,-3.12046],[-59.99891,-3.12045],[-59.99764,-3.12073],[-59.99692,-3.12091],[-59.99679,-3.12109],[-59.99655,-3.12144],[-59.99638,-3.12168],[-59.9962,-3.12193],[-59.99613,-3.12204],[-59.99603,-3.12218],[-59.99588,-3.12241],[-59.9957,-3.12267],[-59.99557,-3.12285],[-59.99554,-3.1229],[-59.99513,-3.12352],[-59.99497,-3.12376],[-59.99492,-3.12385],[-59.99479,-3.12385],[-59.9941,-3.12409],[-59.99363,-3.12416],[-59.9928,-3.12427],[-59.99287,-3.12449],[-59.99285,-3.12516],[-59.9928,-3.1253],[-59.99278,-3.12555],[-59.99275,-3.12585],[-59.99269,-3.12627],[-59.99272,-3.12686],[-59.99275,-3.12752],[-59.99274,-3.12779],[-59.99274,-3.12799],[-59.99274,-3.12808],[-59.99306,-3.12823],[-59.99349,-3.12845],[-59.99385,-3.12879],[-59.99414,-3.1292],[-59.99437,-3.12952],[-59.99461,-3.12981],[-59.99481,-3.12997],[-59.99505,-3.13012],[-59.9952,-3.13019],[-59.99531,-3.13025],[-59.9956,-3.13039],[-59.99582,-3.13048],[-59.99605,-3.1306],[-59.99654,-3.1308],[-59.99663,-3.13086],[-59.99688,-3.13098],[-59.9973,-3.13117],[-59.99784,-3.13141],[-59.99804,-3.13151],[-59.9984,-3.13167],[-59.99856,-3.13174],[-59.99876,-3.13185],[-59.99901,-3.13194],[-59.99926,-3.13207],[-59.99977,-3.13232],[-60.00002,-3.13247],[-60.00015,-3.1326],[-60.00056,-3.1328],[-60.0006,-3.1326],[-60.00061,-3.13252],[-60.00071,-3.13206],[-60.00076,-3.13182],[-60.00089,-3.13131],[-60.00096,-3.13109],[-60.00102,-3.13068],[-60.00116,-3.12949],[-60.00116,-3.12929],[-60.00117,-3.12912],[-60.00117,-3.12873],[-60.00121,-3.12822],[-60.00125,-3.12794],[-60.00125,-3.12776],[-60.00121,-3.12755],[-60.00115,-3.12716],[-60.00111,-3.12697],[-60.00104,-3.12661],[-60.00106,-3.12625],[-60.00106,-3.12605],[-60.00102,-3.12591],[-60.00093,-3.12564],[-60.00082,-3.12536],[-60.00065,-3.12504],[-60.00037,-3.12423],[-60.00018,-3.12368],[-60.00013,-3.12344],[-60.00016,-3.12285],[-60.00014,-3.12256],[-60.0,-3.12211],[-59.99998,-3.12177],[-60.00008,-3.12087],[-60.00018,-3.12046]]]}},{"type":"Feature","id":"Parque 10 de Novembro","properties":{"bairro":"Parque 10 de Novembro","zona":"Centro-Sul"},"geometry":{"type":"Polygon","coordinates":[[[-60.00922,-3.08713],[-60.00932,-3.08719],[-60.00958,-3.08735],[-60.0098,-3.0875],[-60.01007,-3.08772],[-60.01038,-3.08797],[-60.01071,-3.08823],[-60.01083,-3.08832],[-60.01105,-3.08845],[-60.01122,-3.08855],[-60.01138,-3.0886],[-60.01164,-3.08874],[-60.01189,-3.08893],[-60.01211,-3.08902],[-60.01237,-3.08922],[-60.0126,-3.08939],[-60.01287,-3.08966],[-60.01309,-3.08983],[-60.01331,-3.08999],[-60.0135,-3.09011],[-60.01368,-3.09017],[-60.0139,-3.09031],[-60.0141,-3.09048],[-60.01439,-3.09073],[-60.01492,-3.09122],[-60.0152,-3.0915],[-60.01526,-3.09157],[-60.01523,-3.09172],[-60.01515,-3.09185],[-60.01503,-3.09192],[-60.01495,-3.09199],[-60.01495,-3.09207],[-60.01508,-3.0924],[-60.01524,-3.09261],[-60.01593,-3.09271],[-60.01638,-3.09284],[-60.01666,-3.09312],[-60.0171,-3.09396],[-60.01741,-3.09425],[-60.01747,-3.09431],[-60.01839,-3.09466],[-60.01973,-3.09513],[-60.02078,-3.09562],[-60.02135,-3.09588],[-60.02149,-3.09606],[-60.02165,-3.09667],[-60.02167,-3.09707],[-60.02183,-3.09753],[-60.02185,-3.09802],[-60.02216,-3.09943],[-60.02262,-3.10021],[-60.02307,-3.1007],[-60.02409,-3.10134],[-60.0241,-3.10069],[-60.02415,-3.09718],[-60.02418,-3.09517],[-60.02421,-3.09311],[-60.02433,-3.08554],[-60.02442,-3.07949],[-60.02444,-3.07944],[-60.02349,-3.07932],[-60.02342,-3.0793],[-60.02356,-3.079],[-60.02358,-3.07894],[-60.02358,-3.0789],[-60.02356,-3.07887],[-60.02352,-3.07884],[-60.02347,-3.07883],[-60.02288,-3.07872],[-60.02214,-3.07858],[-60.02207,-3.07857],[-60.01594,-3.07724],[-60.01639,-3.07496],[-60.01633,-3.07496],[-60.01596,-3.07499],[-60.01594,-3.07462],[-60.01278,-3.07409],[-60.01167,-3.07439],[-60.01141,-3.07447],[-60.01135,-3.07446],[-60.01134,-3.07432],[-60.01133,-3.07421],[-60.0113,-3.07409],[-60.01119,-3.07388],[-60.01104,-3.07364],[-60.01082,-3.0734],[-60.01062,-3.07306],[-60.01053,-3.0728],[-60.01045,-3.0726],[-60.01033,-3.07226],[-60.01023,-3.07204],[-60.01016,-3.07173],[-60.01018,-3.07147],[-60.01019,-3.07126],[-60.01022,-3.07109],[-60.01023,-3.07094],[-60.01023,-3.07077],[-60.01025,-3.07054],[-60.01032,-3.07033],[-60.01033,-3.07009],[-60.00946,-3.07008],[-60.00891,-3.0701],[-60.00778,-3.07012],[-60.00704,-3.07015],[-60.00673,-3.07016],[-60.00659,-3.07019],[-60.00629,-3.07029],[-60.0056,-3.0695],[-60.00518,-3.06907],[-60.00493,-3.06877],[-60.0059,-3.06842],[-60.0058,-3.06807],[-60.00534,-3.06643],[-60.00516,-3.06568],[-60.00502,-3.06507],[-60.00488,-3.06445],[-60.00483,-3.06423],[-60.00484,-3.06314],[-60.00432,-3.06316],[-60.0038,-3.06316],[-60.00346,-3.06316],[-60.00294,-3.06314],[-60.00214,-3.06314],[-60.001,-3.06313],[-60.00099,-3.06313],[-59.99899,-3.06313],[-59.99854,-3.06312],[-59.99726,-3.0631],[-59.99032,-3.06302],[-59.98944,-3.063],[-59.98934,-3.06304],[-59.98918,-3.06316],[-59.98903,-3.06341],[-59.98923,-3.06414],[-59.98902,-3.06383],[-59.98853,-3.06387],[-59.98815,-3.06405],[-59.98798,-3.06428],[-59.98781,-3.06442],[-59.98751,-3.06454],[-59.9874,-3.0646],[-59.98722,-3.06468],[-59.98714,-3.06472],[-59.98712,-3.06481],[-59.98698,-3.06484],[-59.98702,-3.06497],[-59.98705,-3.06511],[-59.9871,-3.06525],[-59.98712,-3.06546],[-59.98712,-3.0656],[-59.98709,-3.06583],[-59.98709,-3.06603],[-59.98703,-3.06615],[-59.98695,-3.06626],[-59.98687,-3.06639],[-59.98681,-3.0666],[-59.98683,-3.06698],[-59.98692,-3.06729],[-59.98698,-3.06738],[-59.98698,-3.06756],[-59.98685,-3.068],[-59.98699,-3.06844],[-59.98714,-3.06898],[-59.987,-3.06966],[-59.98687,-3.06977],[-59.98676,-3.06988],[-59.98671,-3.07008],[-59.98656,-3.07029],[-59.9864,-3.07042],[-59.98621,-3.07066],[-59.98615,-3.07079],[-59.98603,-3.07098],[-59.98593,-3.0711],[-59.98574,-3.07125],[-59.98571,-3.07132],[-59.98568,-3.07144],[-59.98564,-3.07165],[-59.98559,-3.07182],[-59.98565,-3.07202],[-59.98559,-3.07221],[-59.9855,-3.07238],[-59.98536,-3.07269],[-59.98534,-3.07279],[-59.98523,-3.07303],[-59.98517,-3.07312],[-59.98514,-3.0732],[-59.98507,-3.07329],[-59.98502,-3.07343],[-59.98505,-3.07357],[-59.98506,-3.07369],[-59.98504,-3.0738],[-59.98507,-3.07391],[-59.98518,-3.07406],[-59.98516,-3.07415],[-59.98512,-3.07423],[-59.98512,-3.07429],[-59.98513,-3.07437],[-59.9851,-3.07447],[-59.98523,-3.07449],[-59.98537,-3.07455],[-59.98563,-3.07469],[-59.98585,-3.07487],[-59.98605,-3.07507],[-59.98618,-3.07522],[-59.9863,-3.07535],[-59.98652,-3.07546],[-59.98682,-3.07551],[-59.98712,-3.07557],[-59.98733,-3.07567],[-59.98761,-3.07586],[-59.98785,-3.076],[-59.98806,-3.07616],[-59.98824,-3.0763],[-59.98833,-3.07642],[-59.98854,-3.07658],[-59.98866,-3.07666],[-59.98875,-3.07674],[-59.98882,-3.07684],[-59.98918,-3.07703],[-59.98932,-3.07705],[-59.98942,-3.07714],[-59.98956,-3.07718],[-59.98989,-3.07733],[-59.99015,-3.07744],[-59.99047,-3.07761],[-59.99073,-3.07771],[-59.991,-3.0778],[-59.99116,-3.07787],[-59.99131,-3.07788],[-59.99144,-3.07786],[-59.99159,-3.07784],[-59.99167,-3.07783],[-59.99197,-3.07775],[-59.99215,-3.07776],[-59.99229,-3.07782],[-59.99238,-3.07792],[-59.9925,-3.07806],[-59.99268,-3.07832],[-59.99282,-3.07849],[-59.99288,-3.07862],[-59.99292,-3.07869],[-59.99301,-3.07875],[-59.99316,-3.07887],[-59.9933,-3.07891],[-59.99348,-3.07901],[-59.99381,-3.07904],[-59.99398,-3.07902],[-59.99418,-3.07902],[-59.99454,-3.07896],[-59.9948,-3.07891],[-59.99517,-3.0789],[-59.9955,-3.07908],[-59.99593,-3.07941],[-59.99631,-3.07974],[-59.99665,-3.0801],[-59.99707,-3.08043],[-59.99748,-3.08068],[-59.99782,-3.0808],[-59.99823,-3.08101],[-59.99853,-3.08123],[-59.99885,-3.08141],[-59.99906,-3.08158],[-59.99923,-3.08167],[-59.99932,-3.08171],[-59.99941,-3.08181],[-59.99959,-3.08197],[-59.99977,-3.08211],[-59.99988,-3.08223],[-59.99998,-3.08231],[-60.00014,-3.08242],[-60.00032,-3.08249],[-60.00051,-3.08256],[-60.00068,-3.08253],[-60.00081,-3.08257],[-60.0012,-3.08256],[-60.00184,-3.08261],[-60.00196,-3.0826],[-60.00204,-3.08257],[-60.00211,-3.08252],[-60.00217,-3.08244],[-60.00272,-3.08216],[-60.00288,-3.08205],[-60.00305,-3.08204],[-60.00319,-3.08202],[-60.0034,-3.08197],[-60.00368,-3.08194],[-60.00376,-3.08195],[-60.00381,-3.08199],[-60.00384,-3.0821],[-60.00389,-3.08224],[-60.00396,-3.08237],[-60.00395,-3.08246],[-60.00389,-3.08253],[-60.00386,-3.08257],[-60.00383,-3.08261],[-60.00384,-3.08267],[-60.00386,-3.08275],[-60.00385,-3.08283],[-60.00386,-3.08291],[-60.00383,-3.08303],[-60.00383,-3.08313],[-60.00385,-3.08321],[-60.00384,-3.08337],[-60.0039,-3.08357],[-60.00392,-3.08364],[-60.00395,-3.0837],[-60.004,-3.08396],[-60.00405,-3.08415],[-60.00413,-3.08433],[-60.00431,-3.08446],[-60.00438,-3.08459],[-60.0045,-3.08467],[-60.00461,-3.0847],[-60.00467,-3.08473],[-60.00474,-3.08476],[-60.00482,-3.08477],[-60.00492,-3.08479],[-60.00498,-3.08478],[-60.00502,-3.08474],[-60.00506,-3.08461],[-60.00514,-3.08452],[-60.00527,-3.0845],[-60.00533,-3.08451],[-60.00537,-3.08455],[-60.00541,-3.08462],[-60.0054,-3.08469],[-60.00536,-3.08473],[-60.00532,-3.08475],[-60.00531,-3.08478],[-60.00534,-3.08482],[-60.00547,-3.08491],[-60.00561,-3.08505],[-60.00565,-3.08512],[-60.00573,-3.08519],[-60.00579,-3.08535],[-60.00582,-3.08545],[-60.00589,-3.08554],[-60.00608,-3.08565],[-60.00632,-3.08584],[-60.00652,-3.08597],[-60.00671,-3.08604],[-60.00682,-3.08603],[-60.0069,-3.08604],[-60.00697,-3.08606],[-60.00708,-3.086],[-60.00728,-3.08594],[-60.00733,-3.08598],[-60.00737,-3.08603],[-60.00754,-3.08619],[-60.00774,-3.08631],[-60.0079,-3.08637],[-60.0081,-3.0864],[-60.00827,-3.08652],[-60.00843,-3.08667],[-60.00851,-3.0868],[-60.00856,-3.08687],[-60.00864,-3.08693],[-60.00881,-3.08704],[-60.00905,-3.08709],[-60.00922,-3.08713]]]}},{"type":"Feature","id":"São Raimundo","properties":{"bairro":"São Raimundo","zona":"Oeste"},"geometry":{"type":"Polygon","coordinates":[[[-60.0377,-3.12524],[-60.03707,-3.12552],[-60.03483,-3.12644],[-60.03324,-3.12709],[-60.03372,-3.12782],[-60.03462,-3.12929],[-60.03492,-3.12966],[-60.03569,-3.13082],[-60.03809,-3.13051],[-60.03824,-3.13052],[-60.03841,-3.13046],[-60.03854,-3.13038],[-60.03864,-3.13027],[-60.03873,-3.13018],[-60.03881,-3.1301],[-60.03893,-3.13006],[-60.03904,-3.13002],[-60.03921,-3.12999],[-60.03941,-3.12999],[-60.03948,-3.12996],[-60.03954,-3.12991],[-60.03963,-3.12982],[-60.03964,-3.12954],[-60.04063,-3.12895],[-60.04288,-3.12691],[-60.04435,-3.12357],[-60.04447,-3.12333],[-60.0457,-3.12251],[-60.04871,-3.12072],[-60.05116,-3.1194],[-60.05159,-3.11938],[-60.05039,-3.11931],[-60.04845,-3.11913],[-60.04826,-3.11911],[-60.04728,-3.11902],[-60.04688,-3.11899],[-60.04674,-3.11897],[-60.04659,-3.11897],[-60.04629,-3.11894],[-60.04529,-3.11884],[-60.04436,-3.11877],[-60.0443,-3.11877],[-60.04374,-3.11872],[-60.04339,-3.11869],[-60.04241,-3.1186],[-60.04145,-3.11852],[-60.04125,-3.1185],[-60.04124,-3.1185],[-60.04083,-3.11847],[-60.03956,-3.11836],[-60.03929,-3.11833],[-60.03832,-3.11825],[-60.03732,-3.11814],[-60.03692,-3.11811],[-60.03674,-3.1181],[-60.03664,-3.11812],[-60.03658,-3.11815],[-60.03654,-3.1182],[-60.03652,-3.11826],[-60.03652,-3.11831],[-60.03654,-3.1184],[-60.03635,-3.11869],[-60.03641,-3.11889],[-60.03646,-3.11905],[-60.03661,-3.1197],[-60.03666,-3.12008],[-60.03664,-3.12036],[-60.03664,-3.12061],[-60.03664,-3.12108],[-60.03667,-3.12154],[-60.03674,-3.12169],[-60.03687,-3.12183],[-60.03698,-3.12196],[-60.03704,-3.12208],[-60.03719,-3.12286],[-60.03734,-3.12361],[-60.03734,-3.12361],[-60.03745,-3.12414],[-60.0377,-3.12524]]]}},{"type":"Feature","id":"Glória","properties":{"bairro":"Glória","zona":"Oeste"},"geometry":{"type":"Polygon","coordinates":[[[-60.03635,-3.11869],[-60.03621,-3.11837],[-60.03588,-3.11781],[-60.03577,-3.11767],[-60.03522,-3.11714],[-60.03511,-3.11704],[-60.03363,-3.11618],[-60.03367,-3.1167],[-60.0337,-3.11762],[-60.03365,-3.11849],[-60.03351,-3.11954],[-60.03333,-3.11994],[-60.03273,-3.12069],[-60.03207,-3.12128],[-60.03194,-3.12203],[-60.03234,-3.1234],[-60.03242,-3.12366],[-60.03265,-3.12436],[-60.03258,-3.12508],[-60.03235,-3.12561],[-60.03237,-3.12589],[-60.03283,-3.12654],[-60.03324,-3.12709],[-60.03483,-3.12644],[-60.03707,-3.12552],[-60.0377,-3.12524],[-60.03745,-3.12414],[-60.03734,-3.12361],[-60.03734,-3.12361],[-60.03719,-3.12286],[-60.03704,-3.12208],[-60.03698,-3.12196],[-60.03687,-3.12183],[-60.03674,-3.12169],[-60.03667,-3.12154],[-60.03664,-3.12108],[-60.03664,-3.12061],[-60.03664,-3.12036],[-60.03666,-3.12008],[-60.03661,-3.1197],[-60.03646,-3.11905],[-60.03641,-3.11889],[-60.03635,-3.11869]]]}},{"type":"Feature","id":"Nossa Senhora Aparecida","properties":{"bairro":"Nossa Senhora Aparecida","zona":"Sul"},"geometry":{"type":"Polygon","coordinates":[[[-60.03569,-3.13082],[-60.03492,-3.12966],[-60.03462,-3.12929],[-60.03372,-3.12782],[-60.03324,-3.12709],[-60.03283,-3.12654],[-60.03237,-3.12589],[-60.03235,-3.12561],[-60.03258,-3.12508],[-60.03265,-3.12436],[-60.03242,-3.12366],[-60.03234,-3.1234],[-60.03149,-3.1235],[-60.03126,-3.12355],[-60.03096,-3.12365],[-60.03057,-3.12358],[-60.03027,-3.12331],[-60.03,-3.1231],[-60.02981,-3.12274],[-60.02956,-3.12262],[-60.02908,-3.12264],[-60.02802,-3.12199],[-60.02778,-3.12182],[-60.02763,-3.12208],[-60.02764,-3.12239],[-60.02764,-3.12276],[-60.02764,-3.12315],[-60.02763,-3.12352],[-60.02764,-3.12376],[-60.02764,-3.12449],[-60.02765,-3.12474],[-60.02764,-3.12496],[-60.02764,-3.12528],[-60.02764,-3.12558],[-60.02763,-3.12583],[-60.0276,-3.12798],[-60.02761,-3.1289],[-60.02764,-3.1306],[-60.02831,-3.13057],[-60.02831,-3.13116],[-60.02865,-3.13179],[-60.02899,-3.13251],[-60.02906,-3.13265],[-60.02928,-3.13257],[-60.02949,-3.13239],[-60.02941,-3.13223],[-60.02932,-3.13212],[-60.02898,-3.13198],[-60.02873,-3.13167],[-60.02859,-3.13144],[-60.02854,-3.13118],[-60.02864,-3.13103],[-60.02877,-3.13113],[-60.02892,-3.13127],[-60.02909,-3.13149],[-60.0293,-3.13169],[-60.02966,-3.13188],[-60.02963,-3.13204],[-60.02983,-3.13199],[-60.02997,-3.13187],[-60.03008,-3.13196],[-60.03024,-3.13195],[-60.03037,-3.13179],[-60.03035,-3.13154],[-60.03036,-3.13126],[-60.03048,-3.13128],[-60.03056,-3.13137],[-60.03064,-3.13146],[-60.03073,-3.13167],[-60.03089,-3.13196],[-60.03101,-3.13193],[-60.03115,-3.13184],[-60.03131,-3.1317],[-60.0314,-3.13151],[-60.03153,-3.13143],[-60.03161,-3.13127],[-60.03163,-3.13114],[-60.03156,-3.13098],[-60.03152,-3.1308],[-60.03143,-3.13065],[-60.03143,-3.13051],[-60.03144,-3.13034],[-60.03149,-3.13013],[-60.03166,-3.13],[-60.03195,-3.12988],[-60.03205,-3.13013],[-60.03192,-3.1303],[-60.03184,-3.13048],[-60.03179,-3.13062],[-60.03184,-3.13073],[-60.03189,-3.13088],[-60.0319,-3.13107],[-60.03196,-3.13119],[-60.0329,-3.13122],[-60.03325,-3.13122],[-60.03378,-3.131],[-60.03564,-3.13082],[-60.03569,-3.13082]]]}},{"type":"Feature","id":"Centro","properties":{"bairro":"Centro","zona":"Sul"},"geometry":{"type":"Polygon","coordinates":[[[-60.0101,-3.13543],[-60.01018,-3.13516],[-60.01037,-3.13445],[-60.0104,-3.13418],[-60.01033,-3.1337],[-60.01013,-3.13268],[-60.01,-3.13188],[-60.00995,-3.13143],[-60.00994,-3.13117],[-60.00975,-3.13063],[-60.00939,-3.12971],[-60.00937,-3.1296],[-60.0094,-3.12949],[-60.00955,-3.12897],[-60.00956,-3.12875],[-60.0096,-3.12858],[-60.00956,-3.12842],[-60.00965,-3.12841],[-60.00975,-3.12838],[-60.01009,-3.12831],[-60.01026,-3.1283],[-60.01102,-3.12831],[-60.01168,-3.12831],[-60.01229,-3.12831],[-60.01338,-3.1283],[-60.0145,-3.12829],[-60.0151,-3.1283],[-60.0168,-3.12828],[-60.0167,-3.12607],[-60.01667,-3.12369],[-60.01665,-3.12218],[-60.01674,-3.11731],[-60.01673,-3.11614],[-60.01672,-3.11584],[-60.01934,-3.11589],[-60.02357,-3.11593],[-60.02405,-3.11593],[-60.02423,-3.11597],[-60.0242,-3.11774],[-60.0242,-3.11781],[-60.02412,-3.11794],[-60.02405,-3.11811],[-60.02414,-3.11823],[-60.02418,-3.11844],[-60.0243,-3.11865],[-60.0243,-3.11888],[-60.02428,-3.11915],[-60.02427,-3.11934],[-60.02433,-3.11939],[-60.02436,-3.11952],[-60.02433,-3.11972],[-60.02434,-3.11992],[-60.02457,-3.12049],[-60.02461,-3.12065],[-60.02505,-3.12078],[-60.02545,-3.12085],[-60.02542,-3.12102],[-60.02547,-3.1213],[-60.02596,-3.12135],[-60.02606,-3.12141],[-60.02623,-3.12146],[-60.02639,-3.12147],[-60.02778,-3.12182],[-60.02763,-3.12208],[-60.02764,-3.12239],[-60.02764,-3.12276],[-60.02764,-3.12315],[-60.02763,-3.12352],[-60.02764,-3.12376],[-60.02764,-3.12449],[-60.02765,-3.12474],[-60.02764,-3.12496],[-60.02764,-3.12528],[-60.02764,-3.12558],[-60.02763,-3.12583],[-60.0276,-3.12798],[-60.02761,-3.1289],[-60.02764,-3.1306],[-60.02831,-3.13057],[-60.02831,-3.13116],[-60.02865,-3.13179],[-60.02899,-3.13251],[-60.02906,-3.13265],[-60.02893,-3.13276],[-60.02879,-3.1329],[-60.02863,-3.13299],[-60.02844,-3.13319],[-60.0287,-3.13321],[-60.02892,-3.13311],[-60.0293,-3.1329],[-60.02949,-3.13291],[-60.02962,-3.13285],[-60.02994,-3.13286],[-60.0301,-3.13282],[-60.03033,-3.1327],[-60.03051,-3.13271],[-60.0309,-3.13262],[-60.03106,-3.13257],[-60.0314,-3.1325],[-60.03163,-3.13257],[-60.03169,-3.13275],[-60.03166,-3.13282],[-60.03154,-3.13296],[-60.03124,-3.13347],[-60.03103,-3.13369],[-60.03041,-3.13394],[-60.03053,-3.13427],[-60.03022,-3.13438],[-60.03025,-3.13446],[-60.03001,-3.13453],[-60.03047,-3.13566],[-60.0291,-3.13623],[-60.02788,-3.13673],[-60.02785,-3.13663],[-60.02694,-3.13703],[-60.02652,-3.13748],[-60.02649,-3.13752],[-60.02645,-3.13757],[-60.02527,-3.13884],[-60.02476,-3.13957],[-60.02432,-3.14027],[-60.02408,-3.14063],[-60.024,-3.14073],[-60.02393,-3.1408],[-60.02369,-3.14093],[-60.02184,-3.14178],[-60.02125,-3.14192],[-60.02081,-3.14192],[-60.01976,-3.14177],[-60.01925,-3.14165],[-60.01877,-3.14144],[-60.01826,-3.141],[-60.01779,-3.14029],[-60.01724,-3.13942],[-60.0172,-3.13937],[-60.0171,-3.13922],[-60.01687,-3.13892],[-60.01647,-3.13853],[-60.01584,-3.13803],[-60.01536,-3.13769],[-60.01529,-3.13776],[-60.01522,-3.13786],[-60.01508,-3.13795],[-60.01482,-3.13778],[-60.01466,-3.13798],[-60.01458,-3.13819],[-60.01458,-3.13832],[-60.01449,-3.13844],[-60.0137,-3.13858],[-60.01347,-3.13807],[-60.01307,-3.13831],[-60.0125,-3.13837],[-60.01202,-3.1384],[-60.01172,-3.13841],[-60.01141,-3.13837],[-60.01166,-3.13804],[-60.01169,-3.1377],[-60.01153,-3.13732],[-60.01122,-3.13701],[-60.01101,-3.13676],[-60.01053,-3.13644],[-60.01022,-3.13627],[-60.00996,-3.13624],[-60.00983,-3.13618],[-60.00981,-3.13618],[-60.00972,-3.13622],[-60.00983,-3.13592],[-60.01004,-3.13557],[-60.0101,-3.13543]]]}},{"type":"Feature","id":"Aleixo","properties":{"bairro":"Aleixo","zona":"Centro-Sul"},"geometry":{"type":"Polygon","coordinates":[[[-60.00881,-3.08704],[-60.00905,-3.08709],[-60.00901,-3.0872],[-60.00907,-3.08793],[-60.00911,-3.08853],[-60.00913,-3.08884],[-60.00918,-3.08958],[-60.00629,-3.08877],[-60.00602,-3.08862],[-60.00589,-3.08853],[-60.00445,-3.0873],[-60.00437,-3.08721],[-60.00412,-3.08677],[-60.00408,-3.08666],[-60.00382,-3.08575],[-60.00356,-3.08595],[-60.0035,-3.08603],[-60.00339,-3.08622],[-60.0033,-3.08634],[-60.00321,-3.08646],[-60.00306,-3.08662],[-60.0029,-3.08671],[-60.00273,-3.08674],[-60.00243,-3.087],[-60.00225,-3.08724],[-60.0022,-3.08733],[-60.00203,-3.0875],[-60.00172,-3.08759],[-60.00114,-3.08771],[-60.00077,-3.08777],[-60.00046,-3.08789],[-60.00004,-3.08803],[-60.00032,-3.08842],[-60.00137,-3.08984],[-60.001,-3.0901],[-60.0012,-3.09043],[-60.00127,-3.09054],[-60.00135,-3.09066],[-60.00186,-3.09145],[-60.00227,-3.09124],[-60.00269,-3.09097],[-60.00315,-3.09149],[-60.00357,-3.09198],[-60.00371,-3.09213],[-60.00338,-3.09218],[-60.00314,-3.09226],[-60.00357,-3.09336],[-60.00382,-3.09384],[-60.00287,-3.09423],[-60.00277,-3.09435],[-60.00285,-3.0947],[-60.00293,-3.09502],[-60.00326,-3.09503],[-60.00358,-3.09506],[-60.00395,-3.09492],[-60.00452,-3.09466],[-60.0048,-3.09498],[-60.00486,-3.09508],[-60.0052,-3.09556],[-60.00571,-3.09621],[-60.00564,-3.09627],[-60.00561,-3.09631],[-60.00559,-3.09635],[-60.00596,-3.09695],[-60.00603,-3.09704],[-60.00628,-3.09729],[-60.00669,-3.0977],[-60.00661,-3.09777],[-60.00649,-3.09793],[-60.00645,-3.09801],[-60.00607,-3.09885],[-60.00588,-3.09935],[-60.00586,-3.09946],[-60.00584,-3.09955],[-60.00582,-3.10002],[-60.00583,-3.10033],[-60.00582,-3.10055],[-60.00584,-3.10073],[-60.00588,-3.101],[-60.00601,-3.10163],[-60.00607,-3.10189],[-60.00618,-3.10217],[-60.00628,-3.10239],[-60.0063,-3.10245],[-60.00639,-3.10262],[-60.00659,-3.10299],[-60.00721,-3.10419],[-60.0075,-3.10474],[-60.00763,-3.105],[-60.00766,-3.10507],[-60.00699,-3.1058],[-60.00684,-3.10598],[-60.00625,-3.10544],[-60.00606,-3.1053],[-60.00551,-3.10483],[-60.00538,-3.10476],[-60.00506,-3.1046],[-60.0049,-3.10454],[-60.00464,-3.1045],[-60.0043,-3.1045],[-60.00384,-3.10453],[-60.00229,-3.10467],[-60.00092,-3.10481],[-60.00041,-3.10481],[-60.00028,-3.1048],[-60.00004,-3.10472],[-59.99955,-3.10446],[-59.99848,-3.10378],[-59.99798,-3.10347],[-59.99779,-3.10332],[-59.99778,-3.10331],[-59.99771,-3.10322],[-59.99742,-3.10282],[-59.99658,-3.10146],[-59.99634,-3.10104],[-59.99591,-3.10035],[-59.99583,-3.10024],[-59.99564,-3.09996],[-59.99548,-3.09978],[-59.99531,-3.09961],[-59.995,-3.09936],[-59.99473,-3.09918],[-59.99425,-3.09892],[-59.99336,-3.09838],[-59.99319,-3.09826],[-59.99298,-3.09816],[-59.9929,-3.098],[-59.99275,-3.09784],[-59.99248,-3.0975],[-59.99165,-3.09645],[-59.99113,-3.09592],[-59.9902,-3.09492],[-59.99009,-3.09479],[-59.98992,-3.09451],[-59.98973,-3.0942],[-59.98945,-3.09379],[-59.98933,-3.09367],[-59.98925,-3.0932],[-59.98922,-3.09302],[-59.98917,-3.09257],[-59.98903,-3.0924],[-59.98894,-3.09231],[-59.98881,-3.09225],[-59.98862,-3.09218],[-59.98843,-3.09216],[-59.9883,-3.09212],[-59.98814,-3.09197],[-59.9877,-3.09097],[-59.98753,-3.09067],[-59.98732,-3.08996],[-59.98685,-3.08881],[-59.98659,-3.08815],[-59.9863,-3.08743],[-59.98616,-3.08719],[-59.98605,-3.08707],[-59.98578,-3.08674],[-59.98489,-3.08608],[-59.98405,-3.08576],[-59.98247,-3.08516],[-59.9818,-3.08492],[-59.98158,-3.08482],[-59.98107,-3.08453],[-59.98089,-3.08445],[-59.98031,-3.08423],[-59.98004,-3.08416],[-59.9797,-3.0841],[-59.97934,-3.08397],[-59.97914,-3.08388],[-59.97879,-3.08364],[-59.97855,-3.08344],[-59.97779,-3.08236],[-59.97746,-3.08194],[-59.97715,-3.08149],[-59.97681,-3.08092],[-59.97649,-3.0805],[-59.97622,-3.0803],[-59.97608,-3.08018],[-59.97589,-3.08001],[-59.9754,-3.07964],[-59.97516,-3.07945],[-59.9747,-3.07913],[-59.97417,-3.07876],[-59.97388,-3.07848],[-59.97375,-3.07833],[-59.97364,-3.07817],[-59.97358,-3.07806],[-59.97312,-3.07686],[-59.97273,-3.07583],[-59.97239,-3.07493],[-59.97257,-3.07484],[-59.9728,-3.07477],[-59.97333,-3.07371],[-59.97336,-3.07358],[-59.97333,-3.07346],[-59.97338,-3.07325],[-59.97343,-3.07308],[-59.97345,-3.0729],[-59.97345,-3.07271],[-59.97339,-3.07244],[-59.97336,-3.07217],[-59.97337,-3.07187],[-59.97349,-3.07144],[-59.97354,-3.07123],[-59.97369,-3.07077],[-59.97376,-3.07064],[-59.97397,-3.07049],[-59.97428,-3.07061],[-59.97479,-3.07076],[-59.97516,-3.07089],[-59.97554,-3.07111],[-59.97587,-3.07128],[-59.9762,-3.07137],[-59.97685,-3.0715],[-59.97749,-3.07155],[-59.97785,-3.07169],[-59.97825,-3.07187],[-59.97855,-3.07205],[-59.97893,-3.07215],[-59.97926,-3.0723],[-59.97964,-3.07247],[-59.98002,-3.07267],[-59.98024,-3.07283],[-59.98057,-3.07298],[-59.98065,-3.07298],[-59.98082,-3.07305],[-59.98092,-3.07315],[-59.98101,-3.0732],[-59.98111,-3.0733],[-59.9812,-3.07341],[-59.98129,-3.07357],[-59.9814,-3.07367],[-59.98151,-3.07375],[-59.98172,-3.07387],[-59.98183,-3.07397],[-59.98205,-3.07414],[-59.98216,-3.07425],[-59.98235,-3.07436],[-59.98246,-3.07441],[-59.98255,-3.07445],[-59.9828,-3.07451],[-59.98293,-3.07457],[-59.9831,-3.07463],[-59.98336,-3.07472],[-59.98361,-3.07479],[-59.98387,-3.07481],[-59.98397,-3.07483],[-59.98442,-3.07472],[-59.98465,-3.07463],[-59.98482,-3.07454],[-59.9851,-3.07447],[-59.98523,-3.07449],[-59.98537,-3.07455],[-59.98563,-3.07469],[-59.98585,-3.07487],[-59.98605,-3.07507],[-59.98618,-3.07522],[-59.9863,-3.07535],[-59.98652,-3.07546],[-59.98682,-3.07551],[-59.98712,-3.07557],[-59.98733,-3.07567],[-59.98761,-3.07586],[-59.98785,-3.076],[-59.98806,-3.07616],[-59.98824,-3.0763],[-59.98833,-3.07642],[-59.98854,-3.07658],[-59.98866,-3.07666],[-59.98875,-3.07674],[-59.98882,-3.07684],[-59.98918,-3.07703],[-59.98932,-3.07705],[-59.98942,-3.07714],[-59.98956,-3.07718],[-59.98989,-3.07733],[-59.99015,-3.07744],[-59.99047,-3.07761],[-59.99073,-3.07771],[-59.991,-3.0778],[-59.99116,-3.07787],[-59.99131,-3.07788],[-59.99144,-3.07786],[-59.99159,-3.07784],[-59.99167,-3.07783],[-59.99197,-3.07775],[-59.99215,-3.07776],[-59.99229,-3.07782],[-59.99238,-3.07792],[-59.9925,-3.07806],[-59.99268,-3.07832],[-59.99282,-3.07849],[-59.99288,-3.07862],[-59.99292,-3.07869],[-59.99301,-3.07875],[-59.99316,-3.07887],[-59.9933,-3.07891],[-59.99348,-3.07901],[-59.99381,-3.07904],[-59.99398,-3.07902],[-59.99418,-3.07902],[-59.99454,-3.07896],[-59.9948,-3.07891],[-59.99517,-3.0789],[-59.9955,-3.07908],[-59.99593,-3.07941],[-59.99631,-3.07974],[-59.99665,-3.0801],[-59.99707,-3.08043],[-59.99748,-3.08068],[-59.99782,-3.0808],[-59.99823,-3.08101],[-59.99853,-3.08123],[-59.99885,-3.08141],[-59.99906,-3.08158],[-59.99923,-3.08167],[-59.99932,-3.08171],[-59.99941,-3.08181],[-59.99959,-3.08197],[-59.99977,-3.08211],[-59.99988,-3.08223],[-59.99998,-3.08231],[-60.00014,-3.08242],[-60.00032,-3.08249],[-60.00051,-3.08256],[-60.00068,-3.08253],[-60.00081,-3.08257],[-60.0012,-3.08256],[-60.00184,-3.08261],[-60.00196,-3.0826],[-60.00204,-3.08257],[-60.00211,-3.08252],[-60.00217,-3.08244],[-60.00272,-3.08216],[-60.00288,-3.08205],[-60.00305,-3.08204],[-60.00319,-3.08202],[-60.0034,-3.08197],[-60.00368,-3.08194],[-60.00376,-3.08195],[-60.00381,-3.08199],[-60.00384,-3.0821],[-60.00389,-3.08224],[-60.00396,-3.08237],[-60.00395,-3.08246],[-60.00389,-3.08253],[-60.00386,-3.08257],[-60.00383,-3.08261],[-60.00384,-3.08267],[-60.00386,-3.08275],[-60.00385,-3.08283],[-60.00386,-3.08291],[-60.00383,-3.08303],[-60.00383,-3.08313],[-60.00385,-3.08321],[-60.00384,-3.08337],[-60.0039,-3.08357],[-60.00392,-3.08364],[-60.00395,-3.0837],[-60.004,-3.08396],[-60.00405,-3.08415],[-60.00413,-3.08433],[-60.00431,-3.08446],[-60.00438,-3.08459],[-60.0045,-3.08467],[-60.00461,-3.0847],[-60.00467,-3.08473],[-60.00474,-3.08476],[-60.00482,-3.08477],[-60.00492,-3.08479],[-60.00498,-3.08478],[-60.00502,-3.08474],[-60.00506,-3.08461],[-60.00514,-3.08452],[-60.00527,-3.0845],[-60.00533,-3.08451],[-60.00537,-3.08455],[-60.00541,-3.08462],[-60.0054,-3.08469],[-60.00536,-3.08473],[-60.00532,-3.08475],[-60.00531,-3.08478],[-60.00534,-3.08482],[-60.00547,-3.08491],[-60.00561,-3.08505],[-60.00565,-3.08512],[-60.00573,-3.08519],[-60.00579,-3.08535],[-60.00582,-3.08545],[-60.00589,-3.08554],[-60.00608,-3.08565],[-60.00632,-3.08584],[-60.00652,-3.08597],[-60.00671,-3.08604],[-60.00682,-3.08603],[-60.0069,-3.08604],[-60.00697,-3.08606],[-60.00708,-3.086],[-60.00728,-3.08594],[-60.00733,-3.08598],[-60.00737,-3.08603],[-60.00754,-3.08619],[-60.00774,-3.08631],[-60.0079,-3.08637],[-60.0081,-3.0864],[-60.00827,-3.08652],[-60.00843,-3.08667],[-60.00851,-3.0868],[-60.00856,-3.08687],[-60.00864,-3.08693],[-60.00881,-3.08704]]]}},{"type":"Feature","id":"Cidade de Deus","properties":{"bairro":"Cidade de Deus","zona":"Norte"},"geometry":{"type":"Polygon","coordinates":[[[-59.94029,-3.03706],[-59.9408,-3.03678],[-59.94341,-3.0357],[-59.94558,-3.03479],[-59.95096,-3.03256],[-59.95954,-3.02759],[-59.96004,-3.02746],[-59.9598,-3.02692],[-59.95977,-3.02664],[-59.9573,-3.02675],[-59.95731,-3.0261],[-59.95732,-3.0259],[-59.95734,-3.02555],[-59.95736,-3.025],[-59.9574,-3.02444],[-59.95741,-3.02434],[-59.95743,-3.02389],[-59.95745,-3.02334],[-59.95749,-3.02279],[-59.95752,-3.02225],[-59.95756,-3.0217],[-59.95726,-3.02028],[-59.95723,-3.02],[-59.95722,-3.01982],[-59.95714,-3.01838],[-59.95722,-3.01828],[-59.95749,-3.01816],[-59.95752,-3.0181],[-59.95749,-3.01799],[-59.95758,-3.018],[-59.95769,-3.01798],[-59.95779,-3.01793],[-59.95797,-3.01783],[-59.95814,-3.01767],[-59.95839,-3.01746],[-59.95861,-3.01727],[-59.95875,-3.01724],[-59.95894,-3.01715],[-59.95909,-3.01704],[-59.95922,-3.01694],[-59.95931,-3.01684],[-59.95925,-3.0167],[-59.95917,-3.01662],[-59.95918,-3.01645],[-59.9592,-3.01632],[-59.95921,-3.01623],[-59.95929,-3.01613],[-59.95942,-3.01604],[-59.95956,-3.01591],[-59.9597,-3.01573],[-59.95976,-3.01558],[-59.95981,-3.01539],[-59.95974,-3.01523],[-59.95976,-3.01511],[-59.95985,-3.01502],[-59.95994,-3.01498],[-59.96018,-3.01479],[-59.96048,-3.01466],[-59.96077,-3.01446],[-59.96108,-3.01418],[-59.96123,-3.0141],[-59.96138,-3.014],[-59.96152,-3.01383],[-59.96161,-3.01366],[-59.96172,-3.01357],[-59.96186,-3.01347],[-59.96193,-3.01346],[-59.96199,-3.01341],[-59.96215,-3.01307],[-59.96218,-3.01299],[-59.96223,-3.01292],[-59.9623,-3.01288],[-59.96237,-3.01276],[-59.9624,-3.01248],[-59.96247,-3.01236],[-59.96267,-3.01213],[-59.96279,-3.01198],[-59.9629,-3.01185],[-59.96296,-3.01182],[-59.963,-3.01176],[-59.96305,-3.01167],[-59.96308,-3.01164],[-59.9631,-3.01157],[-59.96315,-3.01148],[-59.96321,-3.01142],[-59.96327,-3.01138],[-59.96336,-3.01132],[-59.96348,-3.01128],[-59.96358,-3.01124],[-59.96369,-3.01119],[-59.96381,-3.01112],[-59.96394,-3.01107],[-59.96408,-3.01105],[-59.96423,-3.01101],[-59.9643,-3.01094],[-59.96437,-3.0109],[-59.9644,-3.01081],[-59.96446,-3.01075],[-59.96447,-3.01063],[-59.96448,-3.0105],[-59.96454,-3.0104],[-59.96464,-3.01031],[-59.96478,-3.0102],[-59.96488,-3.01004],[-59.96496,-3.00984],[-59.96495,-3.00967],[-59.96499,-3.00938],[-59.96503,-3.00924],[-59.9651,-3.00912],[-59.96525,-3.00892],[-59.96527,-3.00871],[-59.96536,-3.00853],[-59.96562,-3.00828],[-59.96563,-3.00826],[-59.96568,-3.00816],[-59.96568,-3.00801],[-59.96569,-3.00785],[-59.96571,-3.00768],[-59.96569,-3.00744],[-59.9657,-3.00726],[-59.96565,-3.00703],[-59.96565,-3.00697],[-59.95826,-3.00604],[-59.95764,-3.01028],[-59.94781,-3.00884],[-59.94002,-3.0077],[-59.93975,-3.00924],[-59.93959,-3.01021],[-59.93799,-3.01944],[-59.93365,-3.02494],[-59.94029,-3.03706]]]}},{"type":"Feature","id":"Novo Aleixo","properties":{"bairro":"Novo Aleixo","zona":"Norte"},"geometry":{"type":"Polygon","coordinates":[[[-59.98526,-3.05014],[-59.98613,-3.05554],[-59.98792,-3.06046],[-59.98856,-3.06226],[-59.98894,-3.06315],[-59.98903,-3.06341],[-59.98923,-3.06414],[-59.98902,-3.06383],[-59.98853,-3.06387],[-59.98815,-3.06405],[-59.98798,-3.06428],[-59.98781,-3.06442],[-59.98751,-3.06454],[-59.9874,-3.0646],[-59.98722,-3.06468],[-59.98714,-3.06472],[-59.98712,-3.06481],[-59.98698,-3.06484],[-59.98702,-3.06497],[-59.98705,-3.06511],[-59.9871,-3.06525],[-59.98712,-3.06546],[-59.98712,-3.0656],[-59.98709,-3.06583],[-59.98709,-3.06603],[-59.98703,-3.06615],[-59.98695,-3.06626],[-59.98687,-3.06639],[-59.98681,-3.0666],[-59.98683,-3.06698],[-59.98692,-3.06729],[-59.98698,-3.06738],[-59.98698,-3.06756],[-59.98685,-3.068],[-59.98699,-3.06844],[-59.98714,-3.06898],[-59.987,-3.06966],[-59.98687,-3.06977],[-59.98676,-3.06988],[-59.98671,-3.07008],[-59.98656,-3.07029],[-59.9864,-3.07042],[-59.98621,-3.07066],[-59.98615,-3.07079],[-59.98603,-3.07098],[-59.98593,-3.0711],[-59.98574,-3.07125],[-59.98571,-3.07132],[-59.98568,-3.07144],[-59.98564,-3.07165],[-59.98559,-3.07182],[-59.98565,-3.07202],[-59.98559,-3.07221],[-59.9855,-3.07238],[-59.98536,-3.07269],[-59.98534,-3.07279],[-59.98523,-3.07303],[-59.98517,-3.07312],[-59.98514,-3.0732],[-59.98507,-3.07329],[-59.98502,-3.07343],[-59.98505,-3.07357],[-59.98506,-3.07369],[-59.98504,-3.0738],[-59.98507,-3.07391],[-59.98518,-3.07406],[-59.98516,-3.07415],[-59.98512,-3.07423],[-59.98512,-3.07429],[-59.98513,-3.07437],[-59.9851,-3.07447],[-59.98482,-3.07454],[-59.98465,-3.07463],[-59.98442,-3.07472],[-59.98397,-3.07483],[-59.98387,-3.07481],[-59.98361,-3.07479],[-59.98336,-3.07472],[-59.9831,-3.07463],[-59.98293,-3.07457],[-59.9828,-3.07451],[-59.98255,-3.07445],[-59.98246,-3.07441],[-59.98235,-3.07436],[-59.98216,-3.07425],[-59.98205,-3.07414],[-59.98183,-3.07397],[-59.98172,-3.07387],[-59.98151,-3.07375],[-59.9814,-3.07367],[-59.98129,-3.07357],[-59.9812,-3.07341],[-59.98111,-3.0733],[-59.98101,-3.0732],[-59.98092,-3.07315],[-59.98082,-3.07305],[-59.98065,-3.07298],[-59.98057,-3.07298],[-59.98024,-3.07283],[-59.98002,-3.07267],[-59.97964,-3.07247],[-59.97926,-3.0723],[-59.97893,-3.07215],[-59.97855,-3.07205],[-59.97825,-3.07187],[-59.97785,-3.07169],[-59.97749,-3.07155],[-59.97685,-3.0715],[-59.9762,-3.07137],[-59.97587,-3.07128],[-59.97554,-3.07111],[-59.97516,-3.07089],[-59.97479,-3.07076],[-59.97428,-3.07061],[-59.97397,-3.07049],[-59.97391,-3.07046],[-59.97379,-3.07039],[-59.97367,-3.07038],[-59.97349,-3.07033],[-59.97336,-3.07024],[-59.97315,-3.07006],[-59.97289,-3.06984],[-59.97221,-3.06944],[-59.97165,-3.06889],[-59.97132,-3.06861],[-59.97104,-3.06833],[-59.97064,-3.06814],[-59.97032,-3.06804],[-59.96957,-3.0679],[-59.96922,-3.06784],[-59.96891,-3.06778],[-59.96858,-3.06768],[-59.96824,-3.06748],[-59.96795,-3.06719],[-59.96765,-3.06686],[-59.96738,-3.06648],[-59.96723,-3.06627],[-59.96713,-3.06613],[-59.96702,-3.066],[-59.9669,-3.06586],[-59.96647,-3.06551],[-59.96604,-3.06527],[-59.9658,-3.06508],[-59.9656,-3.06482],[-59.96527,-3.06453],[-59.96498,-3.06435],[-59.96398,-3.06373],[-59.96025,-3.06142],[-59.96009,-3.06124],[-59.96002,-3.06119],[-59.95872,-3.05942],[-59.95783,-3.05804],[-59.95745,-3.05767],[-59.95529,-3.05565],[-59.95491,-3.05531],[-59.95461,-3.05509],[-59.95418,-3.05493],[-59.95383,-3.05478],[-59.95335,-3.0545],[-59.95281,-3.05396],[-59.95214,-3.05338],[-59.95169,-3.05283],[-59.95157,-3.05264],[-59.95153,-3.05248],[-59.95146,-3.05227],[-59.95135,-3.05214],[-59.95122,-3.05205],[-59.95113,-3.05193],[-59.95041,-3.0515],[-59.94969,-3.05112],[-59.94925,-3.05081],[-59.94668,-3.04867],[-59.94467,-3.04667],[-59.94396,-3.04558],[-59.94325,-3.04584],[-59.94133,-3.03998],[-59.94055,-3.03761],[-59.94029,-3.03706],[-59.9408,-3.03678],[-59.94341,-3.0357],[-59.94558,-3.03479],[-59.95096,-3.03256],[-59.95954,-3.02759],[-59.96004,-3.02746],[-59.9605,-3.02744],[-59.96095,-3.0277],[-59.96126,-3.02792],[-59.96132,-3.02796],[-59.96152,-3.02824],[-59.9616,-3.02833],[-59.96164,-3.02838],[-59.96225,-3.0292],[-59.96275,-3.02988],[-59.96307,-3.03033],[-59.9634,-3.03078],[-59.96373,-3.03122],[-59.96401,-3.03161],[-59.96416,-3.03186],[-59.96425,-3.03204],[-59.96426,-3.03212],[-59.96436,-3.03264],[-59.96417,-3.03292],[-59.96397,-3.03315],[-59.96271,-3.03447],[-59.96213,-3.03504],[-59.96174,-3.03533],[-59.96134,-3.03558],[-59.96096,-3.03573],[-59.96075,-3.03577],[-59.96054,-3.03581],[-59.95981,-3.03587],[-59.95982,-3.03606],[-59.95976,-3.03618],[-59.95977,-3.03629],[-59.95982,-3.03648],[-59.95984,-3.03664],[-59.95989,-3.03685],[-59.95997,-3.037],[-59.96007,-3.03718],[-59.96029,-3.03745],[-59.96145,-3.03897],[-59.96335,-3.04031],[-59.96348,-3.04039],[-59.96366,-3.04046],[-59.96429,-3.04089],[-59.96455,-3.041],[-59.9647,-3.04102],[-59.96496,-3.04115],[-59.96551,-3.04137],[-59.9657,-3.04148],[-59.96582,-3.04157],[-59.96592,-3.04167],[-59.96609,-3.0417],[-59.96618,-3.04169],[-59.96642,-3.04173],[-59.96667,-3.04181],[-59.96702,-3.0419],[-59.96732,-3.042],[-59.96762,-3.04216],[-59.96788,-3.04229],[-59.96883,-3.04262],[-59.969,-3.04271],[-59.9691,-3.04275],[-59.96918,-3.04281],[-59.96943,-3.04289],[-59.96969,-3.04301],[-59.96986,-3.04301],[-59.96999,-3.04304],[-59.97035,-3.04332],[-59.9705,-3.04347],[-59.97061,-3.04366],[-59.97077,-3.04386],[-59.97088,-3.04397],[-59.97125,-3.04415],[-59.97137,-3.04423],[-59.97145,-3.04432],[-59.97151,-3.04446],[-59.97159,-3.04457],[-59.97172,-3.04467],[-59.97186,-3.04474],[-59.97194,-3.04484],[-59.97204,-3.04497],[-59.97236,-3.04533],[-59.97248,-3.04538],[-59.97261,-3.04541],[-59.9737,-3.04523],[-59.97411,-3.04527],[-59.97439,-3.04547],[-59.97674,-3.04574],[-59.97685,-3.04575],[-59.97748,-3.04585],[-59.97761,-3.0459],[-59.9777,-3.04611],[-59.97785,-3.04631],[-59.97883,-3.04716],[-59.97891,-3.04723],[-59.97908,-3.04741],[-59.97915,-3.04752],[-59.97936,-3.04776],[-59.97944,-3.04787],[-59.97953,-3.04799],[-59.97966,-3.0481],[-59.97969,-3.04826],[-59.9797,-3.04839],[-59.9797,-3.04861],[-59.97967,-3.0488],[-59.9796,-3.04892],[-59.97958,-3.04909],[-59.97958,-3.04938],[-59.97953,-3.04951],[-59.97933,-3.04959],[-59.9791,-3.04974],[-59.97892,-3.04997],[-59.97872,-3.05026],[-59.97926,-3.05025],[-59.98526,-3.05014]]]}},{"type":"Feature","id":"São José Operário","properties":{"bairro":"São José Operário","zona":"Leste"},"geometry":{"type":"Polygon","coordinates":[[[-59.97257,-3.07484],[-59.97239,-3.07493],[-59.97238,-3.07486],[-59.97229,-3.07467],[-59.97212,-3.07442],[-59.97187,-3.07421],[-59.97174,-3.07416],[-59.97142,-3.07405],[-59.96997,-3.07415],[-59.96899,-3.07422],[-59.96793,-3.07433],[-59.96741,-3.07438],[-59.96701,-3.07444],[-59.96649,-3.07448],[-59.96632,-3.07449],[-59.96614,-3.07451],[-59.96528,-3.07457],[-59.96427,-3.07469],[-59.96253,-3.07489],[-59.96149,-3.07501],[-59.96135,-3.07503],[-59.96098,-3.07509],[-59.96075,-3.07519],[-59.96042,-3.07536],[-59.96021,-3.07551],[-59.96004,-3.07569],[-59.95965,-3.0761],[-59.95939,-3.07628],[-59.95917,-3.07636],[-59.95889,-3.0764],[-59.9586,-3.07639],[-59.95825,-3.0763],[-59.9581,-3.07626],[-59.95788,-3.0762],[-59.95779,-3.07618],[-59.95654,-3.07582],[-59.95642,-3.07578],[-59.95598,-3.07559],[-59.9559,-3.07556],[-59.95576,-3.07553],[-59.95526,-3.07549],[-59.95376,-3.07544],[-59.95358,-3.07545],[-59.95313,-3.07551],[-59.95255,-3.07557],[-59.95216,-3.0756],[-59.95202,-3.07559],[-59.95188,-3.07558],[-59.95178,-3.07556],[-59.95148,-3.07549],[-59.9513,-3.07543],[-59.95116,-3.07535],[-59.95103,-3.07527],[-59.95087,-3.07514],[-59.95072,-3.07501],[-59.95062,-3.07494],[-59.95002,-3.0745],[-59.94948,-3.0741],[-59.9494,-3.07405],[-59.9482,-3.07317],[-59.94771,-3.07283],[-59.94727,-3.07253],[-59.94639,-3.07192],[-59.94579,-3.07153],[-59.94556,-3.07138],[-59.94502,-3.07101],[-59.94458,-3.07081],[-59.94421,-3.07064],[-59.9436,-3.07041],[-59.94318,-3.07025],[-59.94296,-3.07016],[-59.94215,-3.06986],[-59.94147,-3.0697],[-59.94123,-3.06969],[-59.94095,-3.06972],[-59.94076,-3.06978],[-59.9406,-3.06985],[-59.94003,-3.07022],[-59.94002,-3.07023],[-59.93999,-3.07015],[-59.93995,-3.07009],[-59.9392,-3.07031],[-59.93903,-3.068],[-59.93901,-3.06613],[-59.93874,-3.06601],[-59.93739,-3.06464],[-59.93699,-3.06433],[-59.93702,-3.06428],[-59.93701,-3.06423],[-59.94008,-3.06225],[-59.94093,-3.06213],[-59.94135,-3.06197],[-59.9419,-3.06165],[-59.94329,-3.06037],[-59.9447,-3.05914],[-59.94557,-3.05828],[-59.9473,-3.05763],[-59.94786,-3.05738],[-59.94814,-3.05725],[-59.94861,-3.05714],[-59.94896,-3.05701],[-59.94949,-3.05689],[-59.95002,-3.05665],[-59.95045,-3.05648],[-59.95086,-3.05628],[-59.95139,-3.056],[-59.95197,-3.05565],[-59.95224,-3.05538],[-59.95254,-3.05508],[-59.95277,-3.05487],[-59.95296,-3.05471],[-59.95335,-3.0545],[-59.95383,-3.05478],[-59.95418,-3.05493],[-59.95461,-3.05509],[-59.95491,-3.05531],[-59.95529,-3.05565],[-59.95745,-3.05767],[-59.95783,-3.05804],[-59.95872,-3.05942],[-59.96002,-3.06119],[-59.96009,-3.06124],[-59.96025,-3.06142],[-59.96398,-3.06373],[-59.96498,-3.06435],[-59.96527,-3.06453],[-59.9656,-3.06482],[-59.9658,-3.06508],[-59.96604,-3.06527],[-59.96647,-3.06551],[-59.9669,-3.06586],[-59.96702,-3.066],[-59.96713,-3.06613],[-59.96723,-3.06627],[-59.96738,-3.06648],[-59.96765,-3.06686],[-59.96795,-3.06719],[-59.96824,-3.06748],[-59.96858,-3.06768],[-59.96891,-3.06778],[-59.96922,-3.06784],[-59.96957,-3.0679],[-59.97032,-3.06804],[-59.97064,-3.06814],[-59.97104,-3.06833],[-59.97132,-3.06861],[-59.97165,-3.06889],[-59.97221,-3.06944],[-59.97289,-3.06984],[-59.97315,-3.07006],[-59.97336,-3.07024],[-59.97349,-3.07033],[-59.97367,-3.07038],[-59.97379,-3.07039],[-59.97391,-3.07046],[-59.97397,-3.07049],[-59.97376,-3.07064],[-59.97369,-3.07077],[-59.97354,-3.07123],[-59.97349,-3.07144],[-59.97337,-3.07187],[-59.97336,-3.07217],[-59.97339,-3.07244],[-59.97345,-3.07271],[-59.97345,-3.0729],[-59.97343,-3.07308],[-59.97338,-3.07325],[-59.97333,-3.07346],[-59.97336,-3.07358],[-59.97333,-3.07371],[-59.9728,-3.07477],[-59.97257,-3.07484]]]}},{"type":"Feature","id":"São Geraldo","properties":{"bairro":"São Geraldo","zona":"Centro-Sul"},"geometry":{"type":"Polygon","coordinates":[[[-60.03327,-3.115],[-60.03172,-3.11522],[-60.03121,-3.11532],[-60.02737,-3.11606],[-60.02712,-3.11605],[-60.02487,-3.11598],[-60.02423,-3.11597],[-60.02405,-3.11593],[-60.02357,-3.11593],[-60.02356,-3.11577],[-60.02355,-3.11566],[-60.02355,-3.11562],[-60.02355,-3.11541],[-60.02355,-3.11518],[-60.02355,-3.11496],[-60.02355,-3.11463],[-60.02365,-3.10959],[-60.0237,-3.10845],[-60.02382,-3.10773],[-60.02391,-3.10676],[-60.02405,-3.10483],[-60.02409,-3.10134],[-60.02457,-3.10176],[-60.02487,-3.10175],[-60.0263,-3.10211],[-60.02676,-3.10218],[-60.02801,-3.10236],[-60.02843,-3.10256],[-60.02876,-3.10314],[-60.02873,-3.10328],[-60.02861,-3.10373],[-60.02848,-3.10406],[-60.02847,-3.10427],[-60.02852,-3.10454],[-60.02863,-3.10482],[-60.02882,-3.10511],[-60.02904,-3.1053],[-60.02929,-3.1056],[-60.02935,-3.10568],[-60.02939,-3.10579],[-60.02942,-3.1059],[-60.02946,-3.106],[-60.02943,-3.10609],[-60.02941,-3.10618],[-60.02932,-3.10623],[-60.02921,-3.10636],[-60.02908,-3.10663],[-60.02904,-3.10673],[-60.02905,-3.10692],[-60.02906,-3.10706],[-60.02916,-3.10792],[-60.02913,-3.10807],[-60.02908,-3.10824],[-60.02898,-3.10838],[-60.02883,-3.10848],[-60.02868,-3.10858],[-60.02862,-3.10877],[-60.02864,-3.10896],[-60.02907,-3.10952],[-60.02926,-3.1096],[-60.02963,-3.1097],[-60.02979,-3.10977],[-60.02998,-3.10984],[-60.03015,-3.10999],[-60.0303,-3.11012],[-60.0304,-3.11021],[-60.03052,-3.11027],[-60.03068,-3.11051],[-60.03072,-3.11065],[-60.0307,-3.11092],[-60.03064,-3.11109],[-60.03055,-3.11129],[-60.03039,-3.11143],[-60.03034,-3.11148],[-60.0303,-3.11151],[-60.03019,-3.11167],[-60.03022,-3.11185],[-60.03037,-3.11206],[-60.03052,-3.11222],[-60.03074,-3.11234],[-60.03111,-3.11256],[-60.03138,-3.11286],[-60.03149,-3.1131],[-60.03164,-3.1133],[-60.03172,-3.11364],[-60.03176,-3.11383],[-60.03187,-3.11396],[-60.03203,-3.114],[-60.03221,-3.11404],[-60.03234,-3.11408],[-60.03254,-3.11415],[-60.03282,-3.11444],[-60.03306,-3.1146],[-60.03327,-3.115]]]}},{"type":"Feature","id":"Nossa Senhora das Graças","properties":{"bairro":"Nossa Senhora das Graças","zona":"Centro-Sul"},"geometry":{"type":"Polygon","coordinates":[[[-60.02357,-3.11593],[-60.02356,-3.11577],[-60.02355,-3.11566],[-60.02355,-3.11562],[-60.02355,-3.11541],[-60.02355,-3.11518],[-60.02355,-3.11496],[-60.02355,-3.11463],[-60.02365,-3.10959],[-60.0237,-3.10845],[-60.02382,-3.10773],[-60.02391,-3.10676],[-60.02405,-3.10483],[-60.02409,-3.10134],[-60.02307,-3.1007],[-60.02262,-3.10021],[-60.02216,-3.09943],[-60.02185,-3.09802],[-60.02183,-3.09753],[-60.02167,-3.09707],[-60.02165,-3.09667],[-60.02149,-3.09606],[-60.02135,-3.09588],[-60.02078,-3.09562],[-60.01973,-3.09513],[-60.01839,-3.09466],[-60.01747,-3.09431],[-60.01741,-3.09425],[-60.01733,-3.09429],[-60.01717,-3.09432],[-60.01699,-3.09439],[-60.01689,-3.09439],[-60.01673,-3.09436],[-60.01662,-3.09432],[-60.01654,-3.09427],[-60.01629,-3.09419],[-60.01615,-3.09412],[-60.016,-3.09409],[-60.01566,-3.09395],[-60.01549,-3.09389],[-60.01537,-3.09383],[-60.01508,-3.09376],[-60.0147,-3.09369],[-60.01456,-3.09371],[-60.01451,-3.09437],[-60.01449,-3.09473],[-60.01414,-3.09472],[-60.01366,-3.09513],[-60.01348,-3.09523],[-60.01324,-3.09526],[-60.01351,-3.09986],[-60.01351,-3.09988],[-60.01357,-3.10067],[-60.01361,-3.1014],[-60.01362,-3.10167],[-60.01367,-3.10253],[-60.0137,-3.10252],[-60.01478,-3.10234],[-60.01482,-3.10266],[-60.01574,-3.10249],[-60.01571,-3.10286],[-60.01572,-3.10333],[-60.01576,-3.10488],[-60.0158,-3.10563],[-60.01584,-3.10651],[-60.01587,-3.10731],[-60.01589,-3.10767],[-60.01589,-3.10767],[-60.01605,-3.11018],[-60.01614,-3.11134],[-60.01622,-3.11216],[-60.01631,-3.11318],[-60.01633,-3.11339],[-60.01639,-3.11369],[-60.0166,-3.11415],[-60.01664,-3.11431],[-60.01667,-3.11454],[-60.01672,-3.11584],[-60.01934,-3.11589],[-60.02357,-3.11593]]]}},{"type":"Feature","id":"Santo Antônio","properties":{"bairro":"Santo Antônio","zona":"Oeste"},"geometry":{"type":"Polygon","coordinates":[[[-60.03832,-3.11825],[-60.03732,-3.11814],[-60.03692,-3.11811],[-60.03674,-3.1181],[-60.03664,-3.11812],[-60.03658,-3.11815],[-60.03654,-3.1182],[-60.03652,-3.11826],[-60.03652,-3.11831],[-60.03654,-3.1184],[-60.03635,-3.11869],[-60.03621,-3.11837],[-60.03588,-3.11781],[-60.03577,-3.11767],[-60.03522,-3.11714],[-60.03511,-3.11704],[-60.03363,-3.11618],[-60.03361,-3.11592],[-60.03355,-3.1156],[-60.03357,-3.1151],[-60.03367,-3.11461],[-60.03381,-3.11435],[-60.03395,-3.11406],[-60.03421,-3.1138],[-60.03442,-3.11369],[-60.0347,-3.11351],[-60.03507,-3.11344],[-60.03717,-3.11275],[-60.0378,-3.11273],[-60.03811,-3.11281],[-60.03827,-3.11291],[-60.03891,-3.11342],[-60.03931,-3.11373],[-60.03999,-3.11391],[-60.04073,-3.11395],[-60.0426,-3.11338],[-60.04285,-3.11328],[-60.04773,-3.11134],[-60.04958,-3.11059],[-60.05055,-3.11018],[-60.0507,-3.1103],[-60.05078,-3.11042],[-60.05086,-3.11054],[-60.05104,-3.11078],[-60.05127,-3.1111],[-60.05129,-3.11113],[-60.05138,-3.11127],[-60.05145,-3.11138],[-60.0515,-3.11146],[-60.05154,-3.11153],[-60.05172,-3.1119],[-60.05186,-3.11224],[-60.05203,-3.11261],[-60.05228,-3.11334],[-60.0523,-3.1134],[-60.05249,-3.11417],[-60.05253,-3.11431],[-60.05254,-3.1144],[-60.05255,-3.11448],[-60.05254,-3.11456],[-60.05252,-3.11465],[-60.05249,-3.11473],[-60.05244,-3.1148],[-60.05236,-3.11487],[-60.05226,-3.11492],[-60.05217,-3.11495],[-60.05206,-3.11497],[-60.05201,-3.11498],[-60.05161,-3.115],[-60.05142,-3.11501],[-60.05142,-3.11501],[-60.05135,-3.11501],[-60.05121,-3.11501],[-60.05098,-3.11503],[-60.05082,-3.11504],[-60.05069,-3.11506],[-60.05055,-3.11508],[-60.05043,-3.11511],[-60.05033,-3.11515],[-60.0502,-3.1152],[-60.05009,-3.11526],[-60.05007,-3.11527],[-60.05001,-3.11531],[-60.04993,-3.11537],[-60.04985,-3.11544],[-60.04978,-3.11551],[-60.0497,-3.1156],[-60.04964,-3.11569],[-60.04954,-3.11586],[-60.04948,-3.11602],[-60.04943,-3.11621],[-60.04941,-3.1164],[-60.04941,-3.1166],[-60.04943,-3.11684],[-60.04945,-3.11727],[-60.04946,-3.1174],[-60.04948,-3.11761],[-60.04948,-3.11772],[-60.04946,-3.11783],[-60.04943,-3.11798],[-60.04938,-3.11809],[-60.04932,-3.1182],[-60.04926,-3.1183],[-60.04919,-3.11838],[-60.04912,-3.11845],[-60.04904,-3.11854],[-60.04888,-3.11869],[-60.04845,-3.11913],[-60.04826,-3.11911],[-60.04728,-3.11902],[-60.04688,-3.11899],[-60.04674,-3.11897],[-60.04659,-3.11897],[-60.04629,-3.11894],[-60.04529,-3.11884],[-60.04436,-3.11877],[-60.0443,-3.11877],[-60.04374,-3.11872],[-60.04339,-3.11869],[-60.04241,-3.1186],[-60.04145,-3.11852],[-60.04125,-3.1185],[-60.04124,-3.1185],[-60.04083,-3.11847],[-60.03956,-3.11836],[-60.03929,-3.11833],[-60.03832,-3.11825]]]}},{"type":"Feature","id":"Petrópolis","properties":{"bairro":"Petrópolis","zona":"Sul"},"geometry":{"type":"Polygon","coordinates":[[[-60.00068,-3.11958],[-60.00058,-3.11977],[-60.00038,-3.12012],[-60.00018,-3.12046],[-59.99891,-3.12045],[-59.99764,-3.12073],[-59.99692,-3.12091],[-59.99679,-3.12109],[-59.99655,-3.12144],[-59.99638,-3.12168],[-59.9962,-3.12193],[-59.99613,-3.12204],[-59.99603,-3.12218],[-59.99588,-3.12241],[-59.9957,-3.12267],[-59.99557,-3.12285],[-59.99554,-3.1229],[-59.99513,-3.12352],[-59.99497,-3.12376],[-59.99492,-3.12385],[-59.99479,-3.12385],[-59.9941,-3.12409],[-59.99363,-3.12416],[-59.9928,-3.12427],[-59.99276,-3.12416],[-59.99256,-3.12381],[-59.99235,-3.12359],[-59.99222,-3.12337],[-59.99216,-3.12318],[-59.9918,-3.12241],[-59.9918,-3.12218],[-59.99186,-3.1218],[-59.99185,-3.12168],[-59.99175,-3.12152],[-59.99141,-3.12088],[-59.99139,-3.12084],[-59.99122,-3.12052],[-59.9912,-3.12042],[-59.9912,-3.12019],[-59.99126,-3.1199],[-59.99129,-3.11965],[-59.99131,-3.1195],[-59.99134,-3.11941],[-59.99179,-3.11881],[-59.99205,-3.11862],[-59.9922,-3.11839],[-59.99224,-3.1183],[-59.99228,-3.11822],[-59.99235,-3.11803],[-59.99249,-3.11742],[-59.99254,-3.11731],[-59.99261,-3.11718],[-59.99251,-3.11666],[-59.99245,-3.11638],[-59.99233,-3.11619],[-59.99206,-3.11531],[-59.99193,-3.11488],[-59.99279,-3.11416],[-59.99237,-3.11374],[-59.99193,-3.11328],[-59.99144,-3.11292],[-59.99081,-3.11246],[-59.99056,-3.11228],[-59.99029,-3.11197],[-59.98999,-3.11165],[-59.98963,-3.11144],[-59.98914,-3.11109],[-59.98859,-3.11068],[-59.98907,-3.11021],[-59.98931,-3.10996],[-59.98964,-3.10974],[-59.98989,-3.10957],[-59.98924,-3.10902],[-59.98885,-3.10862],[-59.98819,-3.10809],[-59.98796,-3.10786],[-59.9884,-3.1076],[-59.98836,-3.10749],[-59.98759,-3.10674],[-59.98744,-3.1054],[-59.98743,-3.10488],[-59.98817,-3.10494],[-59.98827,-3.10421],[-59.98855,-3.10233],[-59.98815,-3.10231],[-59.98782,-3.10228],[-59.98725,-3.10223],[-59.98688,-3.10221],[-59.98667,-3.1022],[-59.98641,-3.10218],[-59.98631,-3.10217],[-59.98612,-3.10216],[-59.98578,-3.10214],[-59.98547,-3.10212],[-59.98538,-3.10207],[-59.98536,-3.10204],[-59.98437,-3.10192],[-59.98356,-3.10181],[-59.9832,-3.10179],[-59.98295,-3.10167],[-59.9828,-3.1016],[-59.983,-3.10153],[-59.98305,-3.10148],[-59.98333,-3.10081],[-59.98356,-3.10025],[-59.98359,-3.10016],[-59.98392,-3.09945],[-59.98438,-3.09842],[-59.98478,-3.09757],[-59.98488,-3.09735],[-59.98526,-3.0966],[-59.98535,-3.09638],[-59.98572,-3.0957],[-59.98617,-3.09513],[-59.98653,-3.09468],[-59.98786,-3.09373],[-59.9881,-3.0936],[-59.98835,-3.09355],[-59.98853,-3.09358],[-59.9887,-3.0936],[-59.98892,-3.09362],[-59.98906,-3.09362],[-59.98933,-3.09367],[-59.98945,-3.09379],[-59.98973,-3.0942],[-59.98992,-3.09451],[-59.99009,-3.09479],[-59.9902,-3.09492],[-59.99113,-3.09592],[-59.99165,-3.09645],[-59.99248,-3.0975],[-59.99275,-3.09784],[-59.9929,-3.098],[-59.99298,-3.09816],[-59.99319,-3.09826],[-59.99336,-3.09838],[-59.99425,-3.09892],[-59.99473,-3.09918],[-59.995,-3.09936],[-59.99531,-3.09961],[-59.99548,-3.09978],[-59.99564,-3.09996],[-59.99583,-3.10024],[-59.99591,-3.10035],[-59.99634,-3.10104],[-59.99658,-3.10146],[-59.99742,-3.10282],[-59.99771,-3.10322],[-59.99778,-3.10331],[-59.99779,-3.10332],[-59.99798,-3.10347],[-59.99848,-3.10378],[-59.99845,-3.10383],[-59.99842,-3.10496],[-59.99842,-3.10676],[-59.99842,-3.10729],[-59.99837,-3.10763],[-59.99826,-3.10823],[-59.99812,-3.10865],[-59.99788,-3.10955],[-59.99858,-3.1097],[-59.9989,-3.10978],[-59.99905,-3.10984],[-59.99918,-3.10993],[-59.99928,-3.1101],[-59.99938,-3.11026],[-59.99951,-3.11047],[-59.99967,-3.11064],[-60.00006,-3.11097],[-60.00052,-3.11127],[-60.00062,-3.11142],[-60.00066,-3.11157],[-60.00063,-3.1118],[-60.00063,-3.11195],[-60.00069,-3.11215],[-60.00077,-3.1124],[-60.0009,-3.11264],[-60.00126,-3.11381],[-60.00214,-3.11539],[-60.00229,-3.11574],[-60.00233,-3.11618],[-60.0023,-3.11653],[-60.00068,-3.11958]]]}},{"type":"Feature","id":"Crespo","properties":{"bairro":"Crespo","zona":"Sul"},"geometry":{"type":"Polygon","coordinates":[[[-59.98434,-3.13774],[-59.9845,-3.1384],[-59.98458,-3.13839],[-59.9847,-3.13838],[-59.98482,-3.13838],[-59.98991,-3.13968],[-59.98989,-3.13963],[-59.98985,-3.13954],[-59.98955,-3.13877],[-59.98958,-3.13875],[-59.98968,-3.13867],[-59.98973,-3.13849],[-59.98976,-3.13839],[-59.98982,-3.13828],[-59.99032,-3.13729],[-59.99072,-3.13703],[-59.99086,-3.13697],[-59.99096,-3.13689],[-59.99102,-3.13678],[-59.99105,-3.13675],[-59.99117,-3.13663],[-59.99132,-3.13656],[-59.99151,-3.13635],[-59.99155,-3.13625],[-59.99211,-3.1363],[-59.99246,-3.13631],[-59.99247,-3.13588],[-59.99247,-3.13581],[-59.99246,-3.13579],[-59.99245,-3.13539],[-59.99232,-3.13395],[-59.99217,-3.13382],[-59.99249,-3.13339],[-59.99203,-3.133],[-59.99203,-3.13292],[-59.99226,-3.13264],[-59.99248,-3.13248],[-59.99272,-3.13232],[-59.99294,-3.13201],[-59.99308,-3.13182],[-59.99316,-3.13168],[-59.9932,-3.13152],[-59.99335,-3.13135],[-59.9935,-3.13117],[-59.9936,-3.13105],[-59.99371,-3.13089],[-59.99424,-3.13058],[-59.9945,-3.13045],[-59.99466,-3.13038],[-59.99483,-3.13026],[-59.99493,-3.1302],[-59.99505,-3.13012],[-59.99481,-3.12997],[-59.99461,-3.12981],[-59.99437,-3.12952],[-59.99414,-3.1292],[-59.99385,-3.12879],[-59.99349,-3.12845],[-59.99306,-3.12823],[-59.99274,-3.12808],[-59.99119,-3.12762],[-59.9902,-3.12729],[-59.98942,-3.12697],[-59.9888,-3.12657],[-59.9866,-3.12506],[-59.98562,-3.12454],[-59.98451,-3.12379],[-59.98272,-3.12252],[-59.98157,-3.12172],[-59.98155,-3.1218],[-59.98152,-3.12201],[-59.98151,-3.12231],[-59.98153,-3.12246],[-59.98156,-3.12266],[-59.9816,-3.12288],[-59.98163,-3.12305],[-59.98169,-3.12371],[-59.98175,-3.12403],[-59.98179,-3.12421],[-59.98185,-3.12438],[-59.98194,-3.12463],[-59.98202,-3.1248],[-59.98213,-3.12497],[-59.98226,-3.12514],[-59.98241,-3.12531],[-59.98286,-3.12572],[-59.98413,-3.12677],[-59.98448,-3.1272],[-59.98474,-3.1277],[-59.98523,-3.1287],[-59.98528,-3.12881],[-59.98559,-3.12942],[-59.98567,-3.12959],[-59.98623,-3.13066],[-59.98638,-3.13096],[-59.98614,-3.1311],[-59.98586,-3.13136],[-59.98573,-3.13154],[-59.98563,-3.13171],[-59.98556,-3.13194],[-59.98553,-3.13203],[-59.98551,-3.1324],[-59.98555,-3.13267],[-59.98562,-3.13292],[-59.98573,-3.13315],[-59.98591,-3.13337],[-59.98616,-3.1336],[-59.98641,-3.13372],[-59.98611,-3.13425],[-59.98608,-3.13435],[-59.98604,-3.1345],[-59.98601,-3.13464],[-59.98592,-3.13655],[-59.98588,-3.13743],[-59.98584,-3.13753],[-59.98573,-3.13762],[-59.98557,-3.13769],[-59.98542,-3.13769],[-59.98434,-3.13774]]]}},{"type":"Feature","id":"Flores","properties":{"bairro":"Flores","zona":"Centro-Sul"},"geometry":{"type":"Polygon","coordinates":[[[-60.01639,-3.07496],[-60.01594,-3.07724],[-60.02207,-3.07857],[-60.02214,-3.07858],[-60.02288,-3.07872],[-60.02347,-3.07883],[-60.02352,-3.07884],[-60.02356,-3.07887],[-60.02358,-3.0789],[-60.02358,-3.07894],[-60.02356,-3.079],[-60.02342,-3.0793],[-60.02349,-3.07932],[-60.02444,-3.07944],[-60.02442,-3.07949],[-60.02433,-3.08554],[-60.02519,-3.08555],[-60.02559,-3.08556],[-60.02662,-3.08549],[-60.03083,-3.08551],[-60.03086,-3.08539],[-60.03092,-3.08506],[-60.03096,-3.08485],[-60.03105,-3.08452],[-60.03116,-3.08397],[-60.03115,-3.08382],[-60.03115,-3.08367],[-60.03116,-3.08103],[-60.03117,-3.08088],[-60.0312,-3.08074],[-60.03141,-3.08032],[-60.03143,-3.08012],[-60.03144,-3.08004],[-60.03135,-3.07971],[-60.03139,-3.07948],[-60.03136,-3.07921],[-60.03141,-3.07889],[-60.03138,-3.07861],[-60.03135,-3.07844],[-60.03128,-3.07822],[-60.03124,-3.0779],[-60.03115,-3.0775],[-60.03113,-3.07731],[-60.03111,-3.07718],[-60.03107,-3.07708],[-60.03101,-3.0768],[-60.03105,-3.0766],[-60.03103,-3.07644],[-60.03103,-3.07628],[-60.03099,-3.07616],[-60.03092,-3.07598],[-60.03084,-3.07583],[-60.03082,-3.07577],[-60.02962,-3.07396],[-60.0294,-3.07368],[-60.02745,-3.071],[-60.02713,-3.07057],[-60.02701,-3.0704],[-60.02651,-3.06958],[-60.02634,-3.06943],[-60.02618,-3.06934],[-60.02599,-3.06928],[-60.02597,-3.06925],[-60.02593,-3.06908],[-60.02542,-3.06832],[-60.0253,-3.06827],[-60.02509,-3.06812],[-60.02515,-3.06067],[-60.02525,-3.05572],[-60.02525,-3.05559],[-60.02526,-3.05508],[-60.02527,-3.05483],[-60.02527,-3.05469],[-60.02524,-3.05365],[-60.02518,-3.05262],[-60.02509,-3.05099],[-60.02508,-3.05067],[-60.02501,-3.04903],[-60.02496,-3.04823],[-60.02495,-3.04786],[-60.02493,-3.04766],[-60.02493,-3.04715],[-60.02492,-3.04654],[-60.02492,-3.04643],[-60.01969,-3.04638],[-60.01948,-3.04635],[-60.01836,-3.04606],[-60.01695,-3.04565],[-60.01556,-3.0453],[-60.01413,-3.0449],[-60.013,-3.04456],[-60.01269,-3.04447],[-60.01259,-3.04443],[-60.01241,-3.04435],[-60.01215,-3.0442],[-60.01008,-3.04266],[-60.00999,-3.04275],[-60.00771,-3.0428],[-60.0064,-3.04284],[-60.00544,-3.04287],[-60.00509,-3.04288],[-60.00293,-3.04292],[-60.00059,-3.04305],[-60.00063,-3.04246],[-60.00028,-3.04245],[-59.99993,-3.04247],[-59.99954,-3.04245],[-59.99943,-3.04247],[-59.99913,-3.04245],[-59.99895,-3.04245],[-59.99865,-3.04245],[-59.9985,-3.04245],[-59.99828,-3.04245],[-59.99803,-3.04245],[-59.99761,-3.04245],[-59.99746,-3.04245],[-59.99715,-3.04245],[-59.99667,-3.04245],[-59.99623,-3.04245],[-59.99615,-3.04245],[-59.99584,-3.04245],[-59.99574,-3.04245],[-59.9954,-3.04245],[-59.99528,-3.04245],[-59.99498,-3.04245],[-59.99482,-3.04245],[-59.99432,-3.04245],[-59.99391,-3.04245],[-59.99347,-3.04245],[-59.99304,-3.04244],[-59.99265,-3.04244],[-59.99219,-3.04244],[-59.9903,-3.04244],[-59.98983,-3.04244],[-59.98983,-3.04249],[-59.98983,-3.0432],[-59.98984,-3.04439],[-59.98986,-3.04487],[-59.98978,-3.04487],[-59.98931,-3.0449],[-59.98741,-3.04489],[-59.98535,-3.0449],[-59.98524,-3.04491],[-59.98523,-3.04686],[-59.98523,-3.0474],[-59.98526,-3.05014],[-59.98613,-3.05554],[-59.98792,-3.06046],[-59.98856,-3.06226],[-59.98894,-3.06315],[-59.98903,-3.06341],[-59.98918,-3.06316],[-59.98934,-3.06304],[-59.98944,-3.063],[-59.99032,-3.06302],[-59.99726,-3.0631],[-59.99854,-3.06312],[-59.99899,-3.06313],[-60.00099,-3.06313],[-60.001,-3.06313],[-60.00214,-3.06314],[-60.00294,-3.06314],[-60.00346,-3.06316],[-60.0038,-3.06316],[-60.00432,-3.06316],[-60.00484,-3.06314],[-60.00483,-3.06423],[-60.00488,-3.06445],[-60.00502,-3.06507],[-60.00516,-3.06568],[-60.00534,-3.06643],[-60.0058,-3.06807],[-60.0059,-3.06842],[-60.00493,-3.06877],[-60.00518,-3.06907],[-60.0056,-3.0695],[-60.00629,-3.07029],[-60.00659,-3.07019],[-60.00673,-3.07016],[-60.00704,-3.07015],[-60.00778,-3.07012],[-60.00891,-3.0701],[-60.00946,-3.07008],[-60.01033,-3.07009],[-60.01032,-3.07033],[-60.01025,-3.07054],[-60.01023,-3.07077],[-60.01023,-3.07094],[-60.01022,-3.07109],[-60.01019,-3.07126],[-60.01018,-3.07147],[-60.01016,-3.07173],[-60.01023,-3.07204],[-60.01033,-3.07226],[-60.01045,-3.0726],[-60.01053,-3.0728],[-60.01062,-3.07306],[-60.01082,-3.0734],[-60.01104,-3.07364],[-60.01119,-3.07388],[-60.0113,-3.07409],[-60.01133,-3.07421],[-60.01134,-3.07432],[-60.01135,-3.07446],[-60.01141,-3.07447],[-60.01167,-3.07439],[-60.01278,-3.07409],[-60.01594,-3.07462],[-60.01596,-3.07499],[-60.01633,-3.07496],[-60.01639,-3.07496]]]}},{"type":"Feature","id":"Cidade Nova","properties":{"bairro":"Cidade Nova","zona":"Norte"},"geometry":{"type":"Polygon","coordinates":[[[-60.01008,-3.04266],[-60.00999,-3.04275],[-60.00771,-3.0428],[-60.0064,-3.04284],[-60.00544,-3.04287],[-60.00509,-3.04288],[-60.00293,-3.04292],[-60.00059,-3.04305],[-60.00063,-3.04246],[-60.00028,-3.04245],[-59.99993,-3.04247],[-59.99954,-3.04245],[-59.99943,-3.04247],[-59.99913,-3.04245],[-59.99895,-3.04245],[-59.99865,-3.04245],[-59.9985,-3.04245],[-59.99828,-3.04245],[-59.99803,-3.04245],[-59.99761,-3.04245],[-59.99746,-3.04245],[-59.99715,-3.04245],[-59.99667,-3.04245],[-59.99623,-3.04245],[-59.99615,-3.04245],[-59.99584,-3.04245],[-59.99574,-3.04245],[-59.9954,-3.04245],[-59.99528,-3.04245],[-59.99498,-3.04245],[-59.99482,-3.04245],[-59.99432,-3.04245],[-59.99391,-3.04245],[-59.99347,-3.04245],[-59.99304,-3.04244],[-59.99265,-3.04244],[-59.99219,-3.04244],[-59.9903,-3.04244],[-59.98983,-3.04244],[-59.98983,-3.04249],[-59.98983,-3.0432],[-59.98984,-3.04439],[-59.98986,-3.04487],[-59.98978,-3.04487],[-59.98931,-3.0449],[-59.98741,-3.04489],[-59.98535,-3.0449],[-59.98524,-3.04491],[-59.98523,-3.04686],[-59.98523,-3.0474],[-59.98526,-3.05014],[-59.97926,-3.05025],[-59.97872,-3.05026],[-59.97892,-3.04997],[-59.9791,-3.04974],[-59.97933,-3.04959],[-59.97953,-3.04951],[-59.97958,-3.04938],[-59.97958,-3.04909],[-59.9796,-3.04892],[-59.97967,-3.0488],[-59.9797,-3.04861],[-59.9797,-3.04839],[-59.97969,-3.04826],[-59.97966,-3.0481],[-59.97953,-3.04799],[-59.97944,-3.04787],[-59.97936,-3.04776],[-59.97915,-3.04752],[-59.97908,-3.04741],[-59.97891,-3.04723],[-59.97883,-3.04716],[-59.97785,-3.04631],[-59.9777,-3.04611],[-59.97761,-3.0459],[-59.97748,-3.04585],[-59.97685,-3.04575],[-59.97674,-3.04574],[-59.97439,-3.04547],[-59.97411,-3.04527],[-59.9737,-3.04523],[-59.97261,-3.04541],[-59.97248,-3.04538],[-59.97236,-3.04533],[-59.97204,-3.04497],[-59.97194,-3.04484],[-59.97186,-3.04474],[-59.97172,-3.04467],[-59.97159,-3.04457],[-59.97151,-3.04446],[-59.97145,-3.04432],[-59.97137,-3.04423],[-59.97125,-3.04415],[-59.97088,-3.04397],[-59.97077,-3.04386],[-59.97061,-3.04366],[-59.9705,-3.04347],[-59.97035,-3.04332],[-59.96999,-3.04304],[-59.96986,-3.04301],[-59.96969,-3.04301],[-59.96943,-3.04289],[-59.96918,-3.04281],[-59.9691,-3.04275],[-59.969,-3.04271],[-59.96883,-3.04262],[-59.96788,-3.04229],[-59.96762,-3.04216],[-59.96732,-3.042],[-59.96702,-3.0419],[-59.96667,-3.04181],[-59.96642,-3.04173],[-59.96618,-3.04169],[-59.96609,-3.0417],[-59.96592,-3.04167],[-59.96582,-3.04157],[-59.9657,-3.04148],[-59.96551,-3.04137],[-59.96496,-3.04115],[-59.9647,-3.04102],[-59.96455,-3.041],[-59.96429,-3.04089],[-59.96366,-3.04046],[-59.96348,-3.04039],[-59.96335,-3.04031],[-59.96145,-3.03897],[-59.96029,-3.03745],[-59.96007,-3.03718],[-59.95997,-3.037],[-59.95989,-3.03685],[-59.95984,-3.03664],[-59.95982,-3.03648],[-59.95977,-3.03629],[-59.95976,-3.03618],[-59.95982,-3.03606],[-59.95981,-3.03587],[-59.96054,-3.03581],[-59.96075,-3.03577],[-59.96096,-3.03573],[-59.96134,-3.03558],[-59.96174,-3.03533],[-59.96213,-3.03504],[-59.96271,-3.03447],[-59.96397,-3.03315],[-59.96417,-3.03292],[-59.96436,-3.03264],[-59.96426,-3.03212],[-59.96425,-3.03204],[-59.96416,-3.03186],[-59.96401,-3.03161],[-59.96373,-3.03122],[-59.9634,-3.03078],[-59.96307,-3.03033],[-59.96275,-3.02988],[-59.96225,-3.0292],[-59.96164,-3.02838],[-59.9616,-3.02833],[-59.96152,-3.02824],[-59.96132,-3.02796],[-59.96126,-3.02792],[-59.96095,-3.0277],[-59.9605,-3.02744],[-59.96004,-3.02746],[-59.9598,-3.02692],[-59.95977,-3.02664],[-59.9573,-3.02675],[-59.95731,-3.0261],[-59.95732,-3.0259],[-59.95734,-3.02555],[-59.95736,-3.025],[-59.9574,-3.02444],[-59.95741,-3.02434],[-59.95743,-3.02389],[-59.95745,-3.02334],[-59.95749,-3.02279],[-59.95752,-3.02225],[-59.95756,-3.0217],[-59.95726,-3.02028],[-59.95723,-3.02],[-59.95722,-3.01982],[-59.95714,-3.01838],[-59.95722,-3.01828],[-59.95749,-3.01816],[-59.95752,-3.0181],[-59.95749,-3.01799],[-59.95758,-3.018],[-59.95769,-3.01798],[-59.95779,-3.01793],[-59.95797,-3.01783],[-59.95814,-3.01767],[-59.95839,-3.01746],[-59.95861,-3.01727],[-59.95875,-3.01724],[-59.95894,-3.01715],[-59.95909,-3.01704],[-59.95922,-3.01694],[-59.95931,-3.01684],[-59.95925,-3.0167],[-59.95917,-3.01662],[-59.95918,-3.01645],[-59.9592,-3.01632],[-59.95921,-3.01623],[-59.95929,-3.01613],[-59.95942,-3.01604],[-59.95956,-3.01591],[-59.9597,-3.01573],[-59.95976,-3.01558],[-59.95981,-3.01539],[-59.95974,-3.01523],[-59.95976,-3.01511],[-59.95985,-3.01502],[-59.95994,-3.01498],[-59.96018,-3.01479],[-59.96048,-3.01466],[-59.96077,-3.01446],[-59.96108,-3.01418],[-59.96123,-3.0141],[-59.96138,-3.014],[-59.96152,-3.01383],[-59.96161,-3.01366],[-59.96172,-3.01357],[-59.96186,-3.01347],[-59.96193,-3.01346],[-59.96199,-3.01341],[-59.96215,-3.01307],[-59.96218,-3.01299],[-59.96223,-3.01292],[-59.9623,-3.01288],[-59.96237,-3.01276],[-59.9624,-3.01248],[-59.96247,-3.01236],[-59.96267,-3.01213],[-59.96279,-3.01198],[-59.96364,-3.01259],[-59.96398,-3.01271],[-59.96435,-3.01279],[-59.9647,-3.01279],[-59.96499,-3.01273],[-59.96609,-3.01243],[-59.96659,-3.01229],[-59.96755,-3.01197],[-59.96812,-3.01173],[-59.96902,-3.01132],[-59.96976,-3.01096],[-59.97071,-3.01036],[-59.97088,-3.01025],[-59.97133,-3.01029],[-59.97185,-3.01029],[-59.97236,-3.0103],[-59.97291,-3.00971],[-59.97356,-3.00994],[-59.97366,-3.00996],[-59.97397,-3.01001],[-59.97399,-3.01152],[-59.97437,-3.01153],[-59.97439,-3.01269],[-59.97558,-3.01268],[-59.97946,-3.01266],[-59.97946,-3.01343],[-59.97947,-3.0144],[-59.97947,-3.01528],[-59.9796,-3.01528],[-59.97964,-3.01711],[-59.97938,-3.01712],[-59.97937,-3.01865],[-59.98085,-3.0186],[-59.98093,-3.02175],[-59.98092,-3.02248],[-59.98094,-3.0225],[-59.98117,-3.02248],[-59.98221,-3.02268],[-59.98331,-3.02266],[-59.98585,-3.02183],[-59.98626,-3.0217],[-59.98662,-3.02133],[-59.98674,-3.02079],[-59.98675,-3.02065],[-59.98676,-3.01985],[-59.98676,-3.01978],[-59.98716,-3.01892],[-59.9883,-3.01853],[-59.9888,-3.01851],[-59.98907,-3.01848],[-59.98935,-3.01858],[-59.98999,-3.01895],[-59.99059,-3.01896],[-59.99085,-3.01896],[-59.99112,-3.0189],[-59.99103,-3.01923],[-59.991,-3.0196],[-59.99102,-3.01978],[-59.99103,-3.02005],[-59.99121,-3.02048],[-59.99134,-3.02064],[-59.99165,-3.02099],[-59.99167,-3.02102],[-59.99167,-3.02104],[-59.9917,-3.02109],[-59.99174,-3.02119],[-59.99189,-3.02142],[-59.99195,-3.02151],[-59.99213,-3.02178],[-59.99216,-3.02182],[-59.99257,-3.02245],[-59.99225,-3.02188],[-59.99264,-3.02164],[-59.99361,-3.02078],[-59.99419,-3.02143],[-59.99519,-3.02048],[-59.9965,-3.02191],[-59.99674,-3.02216],[-59.99731,-3.02228],[-59.99739,-3.0223],[-59.99742,-3.02235],[-59.99796,-3.02265],[-59.99794,-3.02293],[-59.99797,-3.02296],[-59.99801,-3.02297],[-59.99852,-3.02299],[-59.99882,-3.02285],[-59.99903,-3.02278],[-59.99907,-3.02274],[-59.99912,-3.02267],[-59.99914,-3.02242],[-59.99964,-3.02219],[-59.99961,-3.02208],[-60.00077,-3.02215],[-60.00087,-3.02221],[-60.00091,-3.02227],[-60.00092,-3.02321],[-60.00192,-3.02318],[-60.00264,-3.02318],[-60.00301,-3.02336],[-60.00319,-3.02346],[-60.00328,-3.02376],[-60.00331,-3.02401],[-60.00332,-3.02436],[-60.00387,-3.02436],[-60.00393,-3.02451],[-60.00394,-3.02559],[-60.00496,-3.02557],[-60.00496,-3.02699],[-60.00502,-3.027],[-60.00521,-3.0278],[-60.00535,-3.02775],[-60.0072,-3.02694],[-60.00847,-3.02638],[-60.00854,-3.02622],[-60.00863,-3.02604],[-60.00895,-3.02561],[-60.00901,-3.02551],[-60.00912,-3.02541],[-60.00915,-3.02533],[-60.00916,-3.02495],[-60.01128,-3.0249],[-60.01095,-3.02428],[-60.01088,-3.0242],[-60.01071,-3.02407],[-60.01017,-3.02375],[-60.00946,-3.02319],[-60.00938,-3.02314],[-60.00909,-3.02298],[-60.00884,-3.02267],[-60.00875,-3.02253],[-60.00869,-3.02232],[-60.00864,-3.02222],[-60.00851,-3.02188],[-60.00909,-3.02182],[-60.01211,-3.02166],[-60.01222,-3.02153],[-60.01206,-3.02041],[-60.01182,-3.01892],[-60.01183,-3.01887],[-60.01185,-3.01885],[-60.01392,-3.01941],[-60.0144,-3.01951],[-60.01447,-3.01951],[-60.01452,-3.01948],[-60.01508,-3.01884],[-60.0167,-3.02045],[-60.01827,-3.02198],[-60.01791,-3.02506],[-60.01584,-3.0258],[-60.01633,-3.02631],[-60.01722,-3.02717],[-60.01739,-3.02733],[-60.017,-3.02748],[-60.01823,-3.02839],[-60.01834,-3.02845],[-60.01827,-3.02863],[-60.01808,-3.0291],[-60.01798,-3.02949],[-60.01792,-3.02986],[-60.01791,-3.02998],[-60.01791,-3.03038],[-60.01796,-3.0307],[-60.01804,-3.03109],[-60.01815,-3.03148],[-60.01823,-3.03173],[-60.01834,-3.03198],[-60.01849,-3.03227],[-60.01857,-3.0324],[-60.01867,-3.03252],[-60.01887,-3.03278],[-60.01905,-3.03296],[-60.0192,-3.03308],[-60.0226,-3.03566],[-60.02287,-3.03586],[-60.02318,-3.03613],[-60.02344,-3.03637],[-60.02367,-3.0366],[-60.02387,-3.03684],[-60.02405,-3.0372],[-60.02419,-3.03747],[-60.02445,-3.03803],[-60.02471,-3.03857],[-60.02482,-3.03884],[-60.0249,-3.03906],[-60.02495,-3.03928],[-60.02501,-3.03962],[-60.02504,-3.03996],[-60.02506,-3.04044],[-60.02505,-3.04067],[-60.02504,-3.04114],[-60.02482,-3.04418],[-60.02484,-3.04473],[-60.02487,-3.04539],[-60.02488,-3.04557],[-60.02488,-3.04571],[-60.02492,-3.04643],[-60.01969,-3.04638],[-60.01948,-3.04635],[-60.01836,-3.04606],[-60.01695,-3.04565],[-60.01556,-3.0453],[-60.01413,-3.0449],[-60.013,-3.04456],[-60.01269,-3.04447],[-60.01259,-3.04443],[-60.01241,-3.04435],[-60.01215,-3.0442],[-60.01008,-3.04266]]]}},{"type":"Feature","id":"São Francisco","properties":{"bairro":"São Francisco","zona":"Sul"},"geometry":{"type":"Polygon","coordinates":[[[-60.00078,-3.11964],[-60.00083,-3.11967],[-60.00092,-3.11971],[-60.00132,-3.11993],[-60.00154,-3.12003],[-60.00173,-3.1201],[-60.00202,-3.12016],[-60.0022,-3.12015],[-60.00294,-3.12015],[-60.00366,-3.12013],[-60.00378,-3.12012],[-60.00415,-3.12011],[-60.00434,-3.12012],[-60.00438,-3.12012],[-60.00569,-3.12004],[-60.00579,-3.12004],[-60.00579,-3.11996],[-60.00578,-3.11945],[-60.00579,-3.11927],[-60.00589,-3.11854],[-60.00594,-3.11828],[-60.00598,-3.11807],[-60.00614,-3.11768],[-60.00625,-3.11747],[-60.00636,-3.11728],[-60.0065,-3.11708],[-60.00665,-3.11688],[-60.00708,-3.11654],[-60.00712,-3.11653],[-60.00721,-3.11647],[-60.00815,-3.11599],[-60.00829,-3.11592],[-60.00878,-3.11568],[-60.00891,-3.11562],[-60.00919,-3.11546],[-60.00948,-3.11526],[-60.00966,-3.11515],[-60.00989,-3.11505],[-60.01064,-3.11467],[-60.01057,-3.11371],[-60.01053,-3.11317],[-60.01051,-3.11295],[-60.01051,-3.11293],[-60.0105,-3.11276],[-60.01049,-3.11264],[-60.01048,-3.11249],[-60.01039,-3.11108],[-60.01038,-3.11097],[-60.01033,-3.11021],[-60.01028,-3.1094],[-60.01024,-3.108],[-60.01022,-3.10781],[-60.00843,-3.10703],[-60.00766,-3.10661],[-60.00747,-3.10649],[-60.00709,-3.10618],[-60.00684,-3.10598],[-60.00625,-3.10544],[-60.00606,-3.1053],[-60.00551,-3.10483],[-60.00538,-3.10476],[-60.00506,-3.1046],[-60.0049,-3.10454],[-60.00464,-3.1045],[-60.0043,-3.1045],[-60.00384,-3.10453],[-60.00229,-3.10467],[-60.00092,-3.10481],[-60.00041,-3.10481],[-60.00028,-3.1048],[-60.00004,-3.10472],[-59.99955,-3.10446],[-59.99848,-3.10378],[-59.99845,-3.10383],[-59.99842,-3.10496],[-59.99842,-3.10676],[-59.99842,-3.10729],[-59.99837,-3.10763],[-59.99826,-3.10823],[-59.99812,-3.10865],[-59.99788,-3.10955],[-59.99858,-3.1097],[-59.9989,-3.10978],[-59.99905,-3.10984],[-59.99918,-3.10993],[-59.99928,-3.1101],[-59.99938,-3.11026],[-59.99951,-3.11047],[-59.99967,-3.11064],[-60.00006,-3.11097],[-60.00052,-3.11127],[-60.00062,-3.11142],[-60.00066,-3.11157],[-60.00063,-3.1118],[-60.00063,-3.11195],[-60.00069,-3.11215],[-60.00077,-3.1124],[-60.0009,-3.11264],[-60.00126,-3.11381],[-60.00214,-3.11539],[-60.00229,-3.11574],[-60.00233,-3.11618],[-60.0023,-3.11653],[-60.00068,-3.11958],[-60.00078,-3.11964]]]}},{"type":"Feature","id":"Japiim","properties":{"bairro":"Japiim","zona":"Sul"},"geometry":{"type":"Polygon","coordinates":[[[-59.99274,-3.12808],[-59.99119,-3.12762],[-59.9902,-3.12729],[-59.98942,-3.12697],[-59.9888,-3.12657],[-59.9866,-3.12506],[-59.98562,-3.12454],[-59.98451,-3.12379],[-59.98272,-3.12252],[-59.98157,-3.12172],[-59.97994,-3.1206],[-59.97842,-3.11952],[-59.97779,-3.11914],[-59.975,-3.11723],[-59.97431,-3.11677],[-59.97327,-3.11602],[-59.97272,-3.11578],[-59.97193,-3.11561],[-59.97078,-3.1149],[-59.96955,-3.11385],[-59.96866,-3.11273],[-59.96764,-3.11182],[-59.96561,-3.1108],[-59.96249,-3.1085],[-59.96286,-3.10812],[-59.9632,-3.1078],[-59.96324,-3.10765],[-59.96327,-3.10749],[-59.96347,-3.10724],[-59.96359,-3.10683],[-59.96375,-3.10642],[-59.96417,-3.10632],[-59.96441,-3.10656],[-59.96488,-3.10647],[-59.96492,-3.10619],[-59.96513,-3.10604],[-59.96531,-3.10561],[-59.96548,-3.10516],[-59.9655,-3.10456],[-59.96552,-3.10429],[-59.96561,-3.10403],[-59.96589,-3.10369],[-59.96625,-3.10317],[-59.96642,-3.10255],[-59.967,-3.10227],[-59.96747,-3.10195],[-59.96765,-3.10122],[-59.96771,-3.10103],[-59.97985,-3.10813],[-59.98014,-3.10748],[-59.98131,-3.1049],[-59.9828,-3.1016],[-59.98295,-3.10167],[-59.9832,-3.10179],[-59.98356,-3.10181],[-59.98437,-3.10192],[-59.98536,-3.10204],[-59.98538,-3.10207],[-59.98547,-3.10212],[-59.98578,-3.10214],[-59.98612,-3.10216],[-59.98631,-3.10217],[-59.98641,-3.10218],[-59.98667,-3.1022],[-59.98688,-3.10221],[-59.98725,-3.10223],[-59.98782,-3.10228],[-59.98815,-3.10231],[-59.98855,-3.10233],[-59.98827,-3.10421],[-59.98817,-3.10494],[-59.98743,-3.10488],[-59.98744,-3.1054],[-59.98759,-3.10674],[-59.98836,-3.10749],[-59.9884,-3.1076],[-59.98796,-3.10786],[-59.98819,-3.10809],[-59.98885,-3.10862],[-59.98924,-3.10902],[-59.98989,-3.10957],[-59.98964,-3.10974],[-59.98931,-3.10996],[-59.98907,-3.11021],[-59.98859,-3.11068],[-59.98914,-3.11109],[-59.98963,-3.11144],[-59.98999,-3.11165],[-59.99029,-3.11197],[-59.99056,-3.11228],[-59.99081,-3.11246],[-59.99144,-3.11292],[-59.99193,-3.11328],[-59.99237,-3.11374],[-59.99279,-3.11416],[-59.99193,-3.11488],[-59.99206,-3.11531],[-59.99233,-3.11619],[-59.99245,-3.11638],[-59.99251,-3.11666],[-59.99261,-3.11718],[-59.99254,-3.11731],[-59.99249,-3.11742],[-59.99235,-3.11803],[-59.99228,-3.11822],[-59.99224,-3.1183],[-59.9922,-3.11839],[-59.99205,-3.11862],[-59.99179,-3.11881],[-59.99134,-3.11941],[-59.99131,-3.1195],[-59.99129,-3.11965],[-59.99126,-3.1199],[-59.9912,-3.12019],[-59.9912,-3.12042],[-59.99122,-3.12052],[-59.99139,-3.12084],[-59.99141,-3.12088],[-59.99175,-3.12152],[-59.99185,-3.12168],[-59.99186,-3.1218],[-59.9918,-3.12218],[-59.9918,-3.12241],[-59.99216,-3.12318],[-59.99222,-3.12337],[-59.99235,-3.12359],[-59.99256,-3.12381],[-59.99276,-3.12416],[-59.9928,-3.12427],[-59.99287,-3.12449],[-59.99285,-3.12516],[-59.9928,-3.1253],[-59.99278,-3.12555],[-59.99275,-3.12585],[-59.99269,-3.12627],[-59.99272,-3.12686],[-59.99275,-3.12752],[-59.99274,-3.12779],[-59.99274,-3.12799],[-59.99274,-3.12808]]]}},{"type":"Feature","id":"Colônia Oliveira Machado","properties":{"bairro":"Colônia Oliveira Machado","zona":"Sul"},"geometry":{"type":"Polygon","coordinates":[[[-59.98779,-3.15854],[-59.98918,-3.15788],[-59.98944,-3.15773],[-59.98948,-3.15769],[-59.98957,-3.15757],[-59.9897,-3.15743],[-59.99045,-3.15674],[-59.99065,-3.15655],[-59.99076,-3.15644],[-59.99084,-3.15646],[-59.99092,-3.15644],[-59.99089,-3.15635],[-59.9909,-3.15632],[-59.99096,-3.1563],[-59.99099,-3.1563],[-59.99101,-3.15632],[-59.99104,-3.15636],[-59.9911,-3.15639],[-59.99123,-3.15636],[-59.99125,-3.15639],[-59.99217,-3.1559],[-59.99245,-3.15578],[-59.99254,-3.15586],[-59.99264,-3.15599],[-59.99284,-3.15584],[-59.9935,-3.15524],[-59.99375,-3.15507],[-59.99396,-3.15493],[-59.9944,-3.15485],[-59.99457,-3.15497],[-59.99499,-3.15493],[-59.99531,-3.15484],[-59.99555,-3.15483],[-59.99571,-3.1547],[-59.99606,-3.15463],[-59.99631,-3.15453],[-59.99647,-3.1545],[-59.99656,-3.15446],[-59.9966,-3.15442],[-59.99662,-3.15438],[-59.99664,-3.15433],[-59.99676,-3.15435],[-59.99713,-3.15439],[-59.99729,-3.15398],[-59.99753,-3.15397],[-59.99754,-3.15403],[-59.99771,-3.15399],[-59.99784,-3.15395],[-59.99794,-3.15391],[-59.99811,-3.1538],[-59.99834,-3.15371],[-59.99846,-3.15361],[-59.99849,-3.15367],[-59.99946,-3.15337],[-59.99941,-3.1533],[-59.99964,-3.15325],[-59.99968,-3.15338],[-59.99983,-3.15342],[-60.00011,-3.15338],[-60.00007,-3.15324],[-59.99995,-3.15315],[-60.00015,-3.15308],[-60.00032,-3.15325],[-60.00044,-3.15312],[-60.00071,-3.15297],[-60.00064,-3.15289],[-60.0008,-3.15282],[-60.00092,-3.15289],[-60.00114,-3.1528],[-60.00131,-3.15269],[-60.00142,-3.15259],[-60.00166,-3.15248],[-60.00181,-3.1524],[-60.00195,-3.1523],[-60.00208,-3.15221],[-60.00387,-3.15122],[-60.00516,-3.15058],[-60.006,-3.15017],[-60.00655,-3.1499],[-60.00683,-3.14984],[-60.00708,-3.1497],[-60.00728,-3.14974],[-60.00781,-3.14938],[-60.00794,-3.14931],[-60.00831,-3.14863],[-60.0085,-3.14827],[-60.00871,-3.1479],[-60.0092,-3.14733],[-60.0095,-3.14701],[-60.00987,-3.14675],[-60.00931,-3.14592],[-60.00903,-3.1457],[-60.00881,-3.14555],[-60.0081,-3.14526],[-60.00666,-3.1441],[-60.00581,-3.14364],[-60.00536,-3.14315],[-60.00525,-3.14293],[-60.00484,-3.14215],[-60.00483,-3.14214],[-60.00418,-3.14262],[-60.00383,-3.14287],[-60.00382,-3.14287],[-60.0037,-3.14295],[-60.00225,-3.14403],[-60.00197,-3.14424],[-60.00052,-3.1453],[-60.00055,-3.14534],[-59.99886,-3.14659],[-59.99855,-3.14684],[-59.99744,-3.14798],[-59.99636,-3.14909],[-59.99605,-3.14934],[-59.99574,-3.14953],[-59.99534,-3.14969],[-59.99492,-3.14978],[-59.9945,-3.1498],[-59.99411,-3.14975],[-59.99358,-3.15094],[-59.99305,-3.15214],[-59.99281,-3.15284],[-59.9927,-3.15314],[-59.99257,-3.15333],[-59.99241,-3.15353],[-59.99227,-3.15362],[-59.99213,-3.15368],[-59.99164,-3.15379],[-59.99114,-3.15386],[-59.99053,-3.15394],[-59.99031,-3.154],[-59.99014,-3.15414],[-59.98987,-3.15446],[-59.98975,-3.15466],[-59.98927,-3.15543],[-59.98872,-3.15632],[-59.98779,-3.15854]]]}},{"type":"Feature","id":"Tancredo Neves","properties":{"bairro":"Tancredo Neves","zona":"Leste"},"geometry":{"type":"Polygon","coordinates":[[[-59.93109,-3.05446],[-59.93195,-3.05591],[-59.93203,-3.05604],[-59.93225,-3.05645],[-59.93262,-3.05715],[-59.9329,-3.05766],[-59.93296,-3.05778],[-59.93303,-3.05777],[-59.93305,-3.05815],[-59.93307,-3.05857],[-59.93299,-3.05952],[-59.93285,-3.06004],[-59.93284,-3.06022],[-59.93284,-3.06023],[-59.93238,-3.06033],[-59.93222,-3.06073],[-59.9322,-3.06099],[-59.93216,-3.06108],[-59.93202,-3.06147],[-59.93191,-3.06174],[-59.93163,-3.06187],[-59.93185,-3.06229],[-59.93216,-3.06286],[-59.93234,-3.06314],[-59.93263,-3.0636],[-59.9329,-3.06402],[-59.93328,-3.06464],[-59.93339,-3.06477],[-59.93351,-3.06503],[-59.93353,-3.06507],[-59.93362,-3.06503],[-59.93461,-3.06432],[-59.9349,-3.06418],[-59.93686,-3.06432],[-59.93701,-3.06423],[-59.94008,-3.06225],[-59.94093,-3.06213],[-59.94135,-3.06197],[-59.9419,-3.06165],[-59.94329,-3.06037],[-59.9447,-3.05914],[-59.94557,-3.05828],[-59.9473,-3.05763],[-59.94786,-3.05738],[-59.94814,-3.05725],[-59.94861,-3.05714],[-59.94896,-3.05701],[-59.94949,-3.05689],[-59.95002,-3.05665],[-59.95045,-3.05648],[-59.95086,-3.05628],[-59.95139,-3.056],[-59.95197,-3.05565],[-59.95224,-3.05538],[-59.95254,-3.05508],[-59.95277,-3.05487],[-59.95296,-3.05471],[-59.95335,-3.0545],[-59.95281,-3.05396],[-59.95214,-3.05338],[-59.95169,-3.05283],[-59.95157,-3.05264],[-59.95153,-3.05248],[-59.95146,-3.05227],[-59.95135,-3.05214],[-59.95122,-3.05205],[-59.95113,-3.05193],[-59.95041,-3.0515],[-59.94969,-3.05112],[-59.94925,-3.05081],[-59.94668,-3.04867],[-59.94467,-3.04667],[-59.94396,-3.04558],[-59.94325,-3.04584],[-59.94316,-3.04587],[-59.94285,-3.04549],[-59.94211,-3.04514],[-59.94168,-3.04559],[-59.94108,-3.04608],[-59.93955,-3.04732],[-59.93908,-3.04776],[-59.9384,-3.0482],[-59.93835,-3.04822],[-59.93783,-3.04838],[-59.93664,-3.04906],[-59.93657,-3.04907],[-59.93551,-3.0492],[-59.93418,-3.04995],[-59.93348,-3.05036],[-59.93337,-3.05043],[-59.93303,-3.05062],[-59.93248,-3.05094],[-59.93185,-3.04987],[-59.92997,-3.051],[-59.92966,-3.05109],[-59.93039,-3.05263],[-59.93125,-3.05413],[-59.93107,-3.05423],[-59.93109,-3.05446]]]}},{"type":"Feature","id":"Vila da Prata","properties":{"bairro":"Vila da Prata","zona":"Oeste"},"geometry":{"type":"Polygon","coordinates":[[[-60.04285,-3.11328],[-60.0428,-3.1131],[-60.04276,-3.11245],[-60.04274,-3.11219],[-60.04271,-3.11179],[-60.04269,-3.11143],[-60.04265,-3.11083],[-60.04265,-3.11042],[-60.04266,-3.10999],[-60.0427,-3.10945],[-60.04277,-3.10887],[-60.04283,-3.10888],[-60.04397,-3.10906],[-60.0441,-3.10913],[-60.04444,-3.10915],[-60.04445,-3.10915],[-60.04446,-3.10827],[-60.04446,-3.10764],[-60.04445,-3.10716],[-60.04446,-3.10691],[-60.04438,-3.10467],[-60.04428,-3.10431],[-60.04554,-3.1038],[-60.04604,-3.10356],[-60.04655,-3.10317],[-60.04676,-3.10308],[-60.04832,-3.10209],[-60.04861,-3.10199],[-60.04896,-3.10199],[-60.0493,-3.10205],[-60.0496,-3.10221],[-60.04981,-3.10246],[-60.0499,-3.10256],[-60.05022,-3.10292],[-60.05039,-3.10326],[-60.05045,-3.10368],[-60.05034,-3.10411],[-60.04976,-3.10508],[-60.04952,-3.10537],[-60.04934,-3.1058],[-60.04936,-3.10666],[-60.04941,-3.10709],[-60.04946,-3.10763],[-60.04954,-3.10828],[-60.04966,-3.10879],[-60.05013,-3.10951],[-60.05055,-3.11018],[-60.04958,-3.11059],[-60.04773,-3.11134],[-60.04285,-3.11328]]]}},{"type":"Feature","id":"São Jorge","properties":{"bairro":"São Jorge","zona":"Oeste"},"geometry":{"type":"Polygon","coordinates":[[[-60.03355,-3.1156],[-60.03357,-3.1151],[-60.03367,-3.11461],[-60.03381,-3.11435],[-60.03395,-3.11406],[-60.03421,-3.1138],[-60.03442,-3.11369],[-60.0347,-3.11351],[-60.03507,-3.11344],[-60.03717,-3.11275],[-60.0378,-3.11273],[-60.03811,-3.11281],[-60.03827,-3.11291],[-60.03891,-3.11342],[-60.03931,-3.11373],[-60.03999,-3.11391],[-60.04073,-3.11395],[-60.0426,-3.11338],[-60.04285,-3.11328],[-60.0428,-3.1131],[-60.04276,-3.11245],[-60.04274,-3.11219],[-60.04271,-3.11179],[-60.04269,-3.11143],[-60.04265,-3.11083],[-60.04265,-3.11042],[-60.04266,-3.10999],[-60.0427,-3.10945],[-60.04277,-3.10887],[-60.04283,-3.10888],[-60.04397,-3.10906],[-60.0441,-3.10913],[-60.04444,-3.10915],[-60.04445,-3.10915],[-60.04446,-3.10827],[-60.04446,-3.10764],[-60.04445,-3.10716],[-60.04446,-3.10691],[-60.04438,-3.10467],[-60.04428,-3.10431],[-60.04554,-3.1038],[-60.04604,-3.10356],[-60.04655,-3.10317],[-60.04666,-3.10304],[-60.04685,-3.10273],[-60.04696,-3.10255],[-60.047,-3.10247],[-60.04713,-3.10213],[-60.04731,-3.10168],[-60.04799,-3.09974],[-60.04814,-3.09917],[-60.04832,-3.0987],[-60.04835,-3.0986],[-60.04855,-3.0981],[-60.04863,-3.0979],[-60.04867,-3.09781],[-60.04888,-3.0972],[-60.04914,-3.09692],[-60.0492,-3.09687],[-60.0495,-3.09675],[-60.05044,-3.09632],[-60.05079,-3.09612],[-60.05111,-3.09584],[-60.05136,-3.09543],[-60.05155,-3.0948],[-60.05176,-3.09408],[-60.05178,-3.09395],[-60.05181,-3.09385],[-60.05172,-3.09373],[-60.05168,-3.09363],[-60.05164,-3.09355],[-60.0516,-3.0935],[-60.05152,-3.09344],[-60.05142,-3.09336],[-60.05128,-3.09331],[-60.05093,-3.0932],[-60.05027,-3.09304],[-60.04917,-3.09276],[-60.04787,-3.09249],[-60.04777,-3.09311],[-60.04773,-3.09392],[-60.04762,-3.09427],[-60.04753,-3.09444],[-60.04726,-3.09464],[-60.04707,-3.09486],[-60.04675,-3.09509],[-60.04646,-3.09524],[-60.04622,-3.09532],[-60.04603,-3.09536],[-60.04553,-3.09548],[-60.04513,-3.09552],[-60.04478,-3.09549],[-60.04421,-3.09553],[-60.04406,-3.09557],[-60.04367,-3.09572],[-60.0434,-3.0959],[-60.04331,-3.09599],[-60.0432,-3.09603],[-60.04311,-3.09605],[-60.04303,-3.09607],[-60.04298,-3.09607],[-60.04294,-3.09608],[-60.04286,-3.09609],[-60.04273,-3.09611],[-60.04253,-3.09618],[-60.04238,-3.09625],[-60.04228,-3.0963],[-60.04217,-3.09638],[-60.04189,-3.0966],[-60.03909,-3.09776],[-60.03834,-3.09799],[-60.03772,-3.09838],[-60.03695,-3.09888],[-60.03539,-3.1001],[-60.03493,-3.10082],[-60.03162,-3.10083],[-60.031,-3.10088],[-60.03043,-3.10108],[-60.03015,-3.10154],[-60.02991,-3.10243],[-60.0298,-3.10264],[-60.02948,-3.1028],[-60.02927,-3.10292],[-60.02911,-3.10292],[-60.02895,-3.10306],[-60.02876,-3.10314],[-60.02873,-3.10328],[-60.02861,-3.10373],[-60.02848,-3.10406],[-60.02847,-3.10427],[-60.02852,-3.10454],[-60.02863,-3.10482],[-60.02882,-3.10511],[-60.02904,-3.1053],[-60.02929,-3.1056],[-60.02935,-3.10568],[-60.02939,-3.10579],[-60.02942,-3.1059],[-60.02946,-3.106],[-60.02943,-3.10609],[-60.02941,-3.10618],[-60.02932,-3.10623],[-60.02921,-3.10636],[-60.02908,-3.10663],[-60.02904,-3.10673],[-60.02905,-3.10692],[-60.02906,-3.10706],[-60.02916,-3.10792],[-60.02913,-3.10807],[-60.02908,-3.10824],[-60.02898,-3.10838],[-60.02883,-3.10848],[-60.02868,-3.10858],[-60.02862,-3.10877],[-60.02864,-3.10896],[-60.02907,-3.10952],[-60.02926,-3.1096],[-60.02963,-3.1097],[-60.02979,-3.10977],[-60.02998,-3.10984],[-60.03015,-3.10999],[-60.0303,-3.11012],[-60.0304,-3.11021],[-60.03052,-3.11027],[-60.03068,-3.11051],[-60.03072,-3.11065],[-60.0307,-3.11092],[-60.03064,-3.11109],[-60.03055,-3.11129],[-60.03039,-3.11143],[-60.03034,-3.11148],[-60.0303,-3.11151],[-60.03019,-3.11167],[-60.03022,-3.11185],[-60.03037,-3.11206],[-60.03052,-3.11222],[-60.03074,-3.11234],[-60.03111,-3.11256],[-60.03138,-3.11286],[-60.03149,-3.1131],[-60.03164,-3.1133],[-60.03172,-3.11364],[-60.03176,-3.11383],[-60.03187,-3.11396],[-60.03203,-3.114],[-60.03221,-3.11404],[-60.03234,-3.11408],[-60.03254,-3.11415],[-60.03282,-3.11444],[-60.03306,-3.1146],[-60.03327,-3.115],[-60.03337,-3.11519],[-60.03355,-3.1156]]]}},{"type":"Feature","id":"Compensa","properties":{"bairro":"Compensa","zona":"Oeste"},"geometry":{"type":"Polygon","coordinates":[[[-60.07477,-3.09796],[-60.07444,-3.09827],[-60.07424,-3.09849],[-60.07405,-3.09887],[-60.07396,-3.09976],[-60.07378,-3.10027],[-60.07361,-3.10065],[-60.07342,-3.10109],[-60.07304,-3.10153],[-60.0725,-3.10225],[-60.07176,-3.10423],[-60.07109,-3.10506],[-60.07082,-3.1059],[-60.07061,-3.10601],[-60.07045,-3.10699],[-60.07038,-3.10754],[-60.07024,-3.10801],[-60.07024,-3.10805],[-60.07023,-3.10832],[-60.07015,-3.1084],[-60.06939,-3.10786],[-60.0693,-3.10793],[-60.06937,-3.108],[-60.06931,-3.10806],[-60.06924,-3.10799],[-60.06922,-3.10807],[-60.06966,-3.10844],[-60.06969,-3.1084],[-60.06994,-3.10861],[-60.0699,-3.10866],[-60.06985,-3.10864],[-60.06977,-3.10877],[-60.06986,-3.10884],[-60.06983,-3.10888],[-60.06973,-3.1088],[-60.06963,-3.10879],[-60.06956,-3.10875],[-60.06954,-3.10877],[-60.06958,-3.1088],[-60.06955,-3.10885],[-60.06951,-3.10886],[-60.0695,-3.10891],[-60.06958,-3.10902],[-60.06995,-3.10933],[-60.06984,-3.10945],[-60.06953,-3.10919],[-60.06936,-3.10922],[-60.06929,-3.10926],[-60.06933,-3.10929],[-60.06938,-3.10925],[-60.0698,-3.10965],[-60.06971,-3.10973],[-60.06929,-3.10934],[-60.06931,-3.10932],[-60.06926,-3.10928],[-60.06912,-3.10946],[-60.06943,-3.10982],[-60.06932,-3.1099],[-60.06938,-3.10996],[-60.06926,-3.11007],[-60.06932,-3.11012],[-60.06922,-3.11022],[-60.06884,-3.10978],[-60.06895,-3.1097],[-60.06889,-3.10963],[-60.0688,-3.10972],[-60.06871,-3.10983],[-60.06868,-3.10993],[-60.06856,-3.11001],[-60.06855,-3.11014],[-60.06849,-3.11031],[-60.06861,-3.11041],[-60.06853,-3.11049],[-60.06854,-3.11051],[-60.06858,-3.11049],[-60.06874,-3.11086],[-60.06863,-3.11091],[-60.06848,-3.11053],[-60.06839,-3.11044],[-60.06823,-3.11053],[-60.06814,-3.11061],[-60.068,-3.11063],[-60.06788,-3.11067],[-60.06812,-3.1109],[-60.06806,-3.11096],[-60.06779,-3.11072],[-60.06756,-3.1108],[-60.06767,-3.11134],[-60.06754,-3.11137],[-60.06757,-3.11191],[-60.06743,-3.11192],[-60.06743,-3.11189],[-60.06731,-3.11189],[-60.06729,-3.11145],[-60.06685,-3.11146],[-60.06682,-3.11079],[-60.06661,-3.11079],[-60.06619,-3.1109],[-60.06607,-3.11111],[-60.06591,-3.11144],[-60.06545,-3.11165],[-60.06521,-3.11171],[-60.06497,-3.11188],[-60.06468,-3.11194],[-60.06446,-3.11197],[-60.06427,-3.112],[-60.06408,-3.11206],[-60.06393,-3.11204],[-60.06372,-3.11192],[-60.06367,-3.11158],[-60.06352,-3.11146],[-60.06335,-3.11151],[-60.06308,-3.11157],[-60.06286,-3.11165],[-60.0626,-3.11195],[-60.06211,-3.11214],[-60.06157,-3.11239],[-60.06136,-3.11255],[-60.06119,-3.11277],[-60.0602,-3.11404],[-60.06016,-3.11409],[-60.05999,-3.1146],[-60.05975,-3.11574],[-60.05834,-3.11632],[-60.05773,-3.11626],[-60.05701,-3.11641],[-60.05549,-3.11753],[-60.05525,-3.1178],[-60.05466,-3.11829],[-60.05449,-3.11807],[-60.05397,-3.11822],[-60.05338,-3.11859],[-60.05209,-3.11921],[-60.05185,-3.11921],[-60.05159,-3.11938],[-60.05039,-3.11931],[-60.04845,-3.11913],[-60.04888,-3.11869],[-60.04904,-3.11854],[-60.04912,-3.11845],[-60.04919,-3.11838],[-60.04926,-3.1183],[-60.04932,-3.1182],[-60.04938,-3.11809],[-60.04943,-3.11798],[-60.04946,-3.11783],[-60.04948,-3.11772],[-60.04948,-3.11761],[-60.04946,-3.1174],[-60.04945,-3.11727],[-60.04943,-3.11684],[-60.04941,-3.1166],[-60.04941,-3.1164],[-60.04943,-3.11621],[-60.04948,-3.11602],[-60.04954,-3.11586],[-60.04964,-3.11569],[-60.0497,-3.1156],[-60.04978,-3.11551],[-60.04985,-3.11544],[-60.04993,-3.11537],[-60.05001,-3.11531],[-60.05007,-3.11527],[-60.05009,-3.11526],[-60.0502,-3.1152],[-60.05033,-3.11515],[-60.05043,-3.11511],[-60.05055,-3.11508],[-60.05069,-3.11506],[-60.05082,-3.11504],[-60.05098,-3.11503],[-60.05121,-3.11501],[-60.05135,-3.11501],[-60.05142,-3.11501],[-60.05142,-3.11501],[-60.05161,-3.115],[-60.05201,-3.11498],[-60.05206,-3.11497],[-60.05217,-3.11495],[-60.05226,-3.11492],[-60.05236,-3.11487],[-60.05244,-3.1148],[-60.05249,-3.11473],[-60.05252,-3.11465],[-60.05254,-3.11456],[-60.05255,-3.11448],[-60.05254,-3.1144],[-60.05253,-3.11431],[-60.05249,-3.11417],[-60.0523,-3.1134],[-60.05228,-3.11334],[-60.05203,-3.11261],[-60.05186,-3.11224],[-60.05172,-3.1119],[-60.05154,-3.11153],[-60.0515,-3.11146],[-60.05145,-3.11138],[-60.05138,-3.11127],[-60.05129,-3.11113],[-60.05127,-3.1111],[-60.05104,-3.11078],[-60.05086,-3.11054],[-60.05078,-3.11042],[-60.0507,-3.1103],[-60.05055,-3.11018],[-60.05013,-3.10951],[-60.04966,-3.10879],[-60.04954,-3.10828],[-60.04946,-3.10763],[-60.04941,-3.10709],[-60.04936,-3.10666],[-60.04934,-3.1058],[-60.04952,-3.10537],[-60.04976,-3.10508],[-60.05034,-3.10411],[-60.05045,-3.10368],[-60.05039,-3.10326],[-60.05022,-3.10292],[-60.0499,-3.10256],[-60.04981,-3.10246],[-60.0496,-3.10221],[-60.0493,-3.10205],[-60.04896,-3.10199],[-60.04861,-3.10199],[-60.04832,-3.10209],[-60.04676,-3.10308],[-60.04655,-3.10317],[-60.04666,-3.10304],[-60.04685,-3.10273],[-60.04696,-3.10255],[-60.047,-3.10247],[-60.04713,-3.10213],[-60.04731,-3.10168],[-60.04799,-3.09974],[-60.04814,-3.09917],[-60.04832,-3.0987],[-60.04835,-3.0986],[-60.04855,-3.0981],[-60.04863,-3.0979],[-60.04867,-3.09781],[-60.04888,-3.0972],[-60.04914,-3.09692],[-60.0492,-3.09687],[-60.0495,-3.09675],[-60.05044,-3.09632],[-60.05079,-3.09612],[-60.05111,-3.09584],[-60.05136,-3.09543],[-60.05155,-3.0948],[-60.05176,-3.09408],[-60.05178,-3.09395],[-60.05181,-3.09385],[-60.05206,-3.09317],[-60.05219,-3.09289],[-60.05237,-3.09262],[-60.05268,-3.09228],[-60.05304,-3.09199],[-60.05341,-3.09179],[-60.05427,-3.09145],[-60.05592,-3.09079],[-60.0566,-3.09055],[-60.05669,-3.09051],[-60.05766,-3.09011],[-60.05771,-3.09009],[-60.05805,-3.08996],[-60.0582,-3.0899],[-60.06048,-3.089],[-60.06083,-3.08895],[-60.06101,-3.08901],[-60.06116,-3.08913],[-60.06122,-3.08922],[-60.06131,-3.08943],[-60.0613,-3.0896],[-60.06089,-3.09028],[-60.06051,-3.09099],[-60.06014,-3.09164],[-60.0589,-3.09362],[-60.05906,-3.09371],[-60.05925,-3.09378],[-60.05987,-3.09399],[-60.06041,-3.09428],[-60.06065,-3.09447],[-60.06086,-3.0947],[-60.06111,-3.09504],[-60.0613,-3.09535],[-60.06152,-3.09575],[-60.06168,-3.09603],[-60.06178,-3.09618],[-60.06219,-3.09656],[-60.06237,-3.09676],[-60.06244,-3.09687],[-60.06251,-3.09699],[-60.0626,-3.09713],[-60.0628,-3.09755],[-60.0631,-3.09808],[-60.06372,-3.09897],[-60.06378,-3.09904],[-60.06399,-3.09932],[-60.06418,-3.09948],[-60.06444,-3.09978],[-60.06461,-3.1],[-60.06469,-3.10021],[-60.06476,-3.10041],[-60.06492,-3.10073],[-60.06498,-3.10084],[-60.06505,-3.10094],[-60.06526,-3.10122],[-60.06549,-3.10155],[-60.06586,-3.10217],[-60.0661,-3.10267],[-60.06616,-3.10278],[-60.06646,-3.10278],[-60.06663,-3.10279],[-60.06722,-3.10285],[-60.0676,-3.10281],[-60.06794,-3.10264],[-60.06837,-3.10227],[-60.06902,-3.10144],[-60.06994,-3.10006],[-60.07036,-3.0997],[-60.07092,-3.09934],[-60.07119,-3.09909],[-60.07129,-3.09891],[-60.07225,-3.09698],[-60.07477,-3.09796]]]}},{"type":"Feature","id":"Dom Pedro","properties":{"bairro":"Dom Pedro","zona":"Centro-Oeste"},"geometry":{"type":"Polygon","coordinates":[[[-60.03733,-3.09161],[-60.03733,-3.09155],[-60.03737,-3.09145],[-60.03757,-3.09127],[-60.03799,-3.09095],[-60.03835,-3.09056],[-60.03875,-3.08981],[-60.0391,-3.08911],[-60.03897,-3.08904],[-60.03865,-3.08886],[-60.03816,-3.08892],[-60.03784,-3.0889],[-60.03751,-3.08901],[-60.03725,-3.08885],[-60.03689,-3.08884],[-60.03648,-3.08895],[-60.03606,-3.08916],[-60.03585,-3.0893],[-60.03583,-3.08938],[-60.0358,-3.08949],[-60.03569,-3.08962],[-60.03543,-3.08962],[-60.03514,-3.08967],[-60.03497,-3.0897],[-60.03483,-3.08976],[-60.03467,-3.08983],[-60.03446,-3.08998],[-60.03413,-3.09022],[-60.03384,-3.09051],[-60.03343,-3.09055],[-60.03275,-3.09055],[-60.03206,-3.09053],[-60.03151,-3.0904],[-60.03129,-3.09029],[-60.03106,-3.09027],[-60.03084,-3.09036],[-60.03056,-3.09059],[-60.03019,-3.09071],[-60.03053,-3.08696],[-60.03082,-3.08619],[-60.03083,-3.08572],[-60.03086,-3.08539],[-60.03092,-3.08506],[-60.03096,-3.08485],[-60.03105,-3.08452],[-60.03116,-3.08397],[-60.03115,-3.08382],[-60.03215,-3.08319],[-60.03256,-3.08296],[-60.03296,-3.0828],[-60.03355,-3.08276],[-60.03389,-3.08276],[-60.03422,-3.08284],[-60.035,-3.08312],[-60.03535,-3.08318],[-60.03575,-3.08323],[-60.03664,-3.08331],[-60.03684,-3.08329],[-60.03707,-3.08318],[-60.03722,-3.08308],[-60.03796,-3.08259],[-60.03821,-3.08248],[-60.03834,-3.08244],[-60.03863,-3.0824],[-60.03893,-3.08233],[-60.03981,-3.08229],[-60.04039,-3.08212],[-60.04115,-3.08184],[-60.04155,-3.08164],[-60.04215,-3.08132],[-60.04263,-3.08102],[-60.04295,-3.08087],[-60.04317,-3.08076],[-60.04335,-3.08066],[-60.04391,-3.08075],[-60.0439,-3.08092],[-60.04423,-3.08062],[-60.04456,-3.08032],[-60.04484,-3.08007],[-60.04568,-3.07933],[-60.04604,-3.0791],[-60.04608,-3.07907],[-60.04633,-3.07893],[-60.04639,-3.0789],[-60.04653,-3.07884],[-60.04725,-3.07864],[-60.04737,-3.07864],[-60.04801,-3.07861],[-60.04815,-3.0786],[-60.04875,-3.07859],[-60.04946,-3.07858],[-60.04948,-3.07912],[-60.04949,-3.07977],[-60.04949,-3.07998],[-60.0495,-3.08003],[-60.04953,-3.08224],[-60.04953,-3.08235],[-60.04999,-3.08256],[-60.05019,-3.08265],[-60.05065,-3.08294],[-60.05071,-3.08304],[-60.05071,-3.08329],[-60.0507,-3.08397],[-60.05101,-3.08403],[-60.05152,-3.08403],[-60.05171,-3.08873],[-60.05181,-3.08873],[-60.05284,-3.08872],[-60.05258,-3.0891],[-60.0521,-3.08953],[-60.05153,-3.08998],[-60.05125,-3.09018],[-60.05112,-3.09026],[-60.05109,-3.09029],[-60.05093,-3.09034],[-60.05052,-3.09047],[-60.05015,-3.09054],[-60.04935,-3.09082],[-60.04891,-3.09095],[-60.04869,-3.09101],[-60.04842,-3.09119],[-60.04829,-3.09141],[-60.04793,-3.09237],[-60.04787,-3.09249],[-60.04777,-3.09311],[-60.04773,-3.09392],[-60.04762,-3.09427],[-60.04753,-3.09444],[-60.04726,-3.09464],[-60.04707,-3.09486],[-60.04675,-3.09509],[-60.04646,-3.09524],[-60.04622,-3.09532],[-60.04603,-3.09536],[-60.04553,-3.09548],[-60.04513,-3.09552],[-60.04478,-3.09549],[-60.04421,-3.09553],[-60.04406,-3.09557],[-60.04367,-3.09572],[-60.0434,-3.0959],[-60.04331,-3.09599],[-60.0432,-3.09603],[-60.04311,-3.09605],[-60.04303,-3.09607],[-60.04298,-3.09607],[-60.04294,-3.09608],[-60.04286,-3.09609],[-60.04283,-3.09598],[-60.04273,-3.09555],[-60.04262,-3.09515],[-60.04259,-3.09502],[-60.04254,-3.09494],[-60.04214,-3.09458],[-60.04069,-3.09383],[-60.03912,-3.09298],[-60.03767,-3.09218],[-60.03747,-3.09202],[-60.03736,-3.09183],[-60.03733,-3.09171],[-60.03733,-3.09161]]]}},{"type":"Feature","id":"Alvorada","properties":{"bairro":"Alvorada","zona":"Centro-Oeste"},"geometry":{"type":"Polygon","coordinates":[[[-60.05152,-3.08403],[-60.05101,-3.08403],[-60.0507,-3.08397],[-60.05071,-3.08329],[-60.05071,-3.08304],[-60.05065,-3.08294],[-60.05019,-3.08265],[-60.04999,-3.08256],[-60.04953,-3.08235],[-60.04953,-3.08224],[-60.0495,-3.08003],[-60.04949,-3.07998],[-60.04949,-3.07977],[-60.04948,-3.07912],[-60.04946,-3.07858],[-60.04875,-3.07859],[-60.04815,-3.0786],[-60.04801,-3.07861],[-60.04737,-3.07864],[-60.04725,-3.07864],[-60.04653,-3.07884],[-60.04639,-3.0789],[-60.04633,-3.07893],[-60.04608,-3.07907],[-60.04604,-3.0791],[-60.04568,-3.07933],[-60.04484,-3.08007],[-60.04456,-3.08032],[-60.04423,-3.08062],[-60.0439,-3.08092],[-60.04391,-3.08075],[-60.04335,-3.08066],[-60.04317,-3.08076],[-60.04295,-3.08087],[-60.04263,-3.08102],[-60.04215,-3.08132],[-60.04155,-3.08164],[-60.04115,-3.08184],[-60.04039,-3.08212],[-60.03981,-3.08229],[-60.03893,-3.08233],[-60.03863,-3.0824],[-60.03834,-3.08244],[-60.03821,-3.08248],[-60.03796,-3.08259],[-60.03722,-3.08308],[-60.03707,-3.08318],[-60.03684,-3.08329],[-60.03664,-3.08331],[-60.03575,-3.08323],[-60.03535,-3.08318],[-60.035,-3.08312],[-60.03422,-3.08284],[-60.03389,-3.08276],[-60.03355,-3.08276],[-60.03296,-3.0828],[-60.03256,-3.08296],[-60.03215,-3.08319],[-60.03115,-3.08382],[-60.03115,-3.08367],[-60.03116,-3.08103],[-60.03117,-3.08088],[-60.0312,-3.08074],[-60.03141,-3.08032],[-60.03143,-3.08012],[-60.03144,-3.08004],[-60.03135,-3.07971],[-60.03139,-3.07948],[-60.03136,-3.07921],[-60.03141,-3.07889],[-60.03138,-3.07861],[-60.03135,-3.07844],[-60.03128,-3.07822],[-60.03124,-3.0779],[-60.03115,-3.0775],[-60.03113,-3.07731],[-60.03111,-3.07718],[-60.03107,-3.07708],[-60.03101,-3.0768],[-60.03105,-3.0766],[-60.03103,-3.07644],[-60.03103,-3.07628],[-60.03099,-3.07616],[-60.03092,-3.07598],[-60.03084,-3.07583],[-60.03082,-3.07577],[-60.02962,-3.07396],[-60.0294,-3.07368],[-60.02745,-3.071],[-60.02713,-3.07057],[-60.02701,-3.0704],[-60.02651,-3.06958],[-60.02634,-3.06943],[-60.02618,-3.06934],[-60.02599,-3.06928],[-60.02597,-3.06925],[-60.02884,-3.06922],[-60.02916,-3.06923],[-60.0292,-3.06925],[-60.0292,-3.06911],[-60.02931,-3.06903],[-60.02955,-3.06903],[-60.02981,-3.06898],[-60.03005,-3.06886],[-60.03032,-3.06879],[-60.03055,-3.06868],[-60.03093,-3.06853],[-60.03111,-3.06836],[-60.03126,-3.0683],[-60.03142,-3.0681],[-60.0314,-3.068],[-60.0314,-3.06774],[-60.0314,-3.06748],[-60.03151,-3.06695],[-60.03152,-3.06676],[-60.03145,-3.06662],[-60.03149,-3.06644],[-60.0316,-3.06637],[-60.03183,-3.06638],[-60.03204,-3.06641],[-60.03234,-3.06631],[-60.03246,-3.06619],[-60.03266,-3.06608],[-60.03306,-3.06564],[-60.03368,-3.06532],[-60.03375,-3.06515],[-60.03375,-3.06497],[-60.03376,-3.06475],[-60.03418,-3.06359],[-60.03426,-3.06307],[-60.03429,-3.06266],[-60.03426,-3.06256],[-60.03461,-3.06248],[-60.03522,-3.06264],[-60.03614,-3.06269],[-60.0366,-3.06284],[-60.03724,-3.06293],[-60.03793,-3.06288],[-60.0379,-3.06265],[-60.03781,-3.06224],[-60.03781,-3.06211],[-60.03786,-3.0619],[-60.03786,-3.06152],[-60.03788,-3.06128],[-60.03795,-3.06041],[-60.03798,-3.05985],[-60.03799,-3.05913],[-60.03801,-3.05913],[-60.03812,-3.05915],[-60.03874,-3.0591],[-60.03931,-3.05916],[-60.03979,-3.05916],[-60.04007,-3.05916],[-60.0404,-3.05912],[-60.04065,-3.05913],[-60.04082,-3.05916],[-60.0412,-3.05925],[-60.04144,-3.05924],[-60.04167,-3.05924],[-60.04223,-3.05926],[-60.04277,-3.05928],[-60.04338,-3.05931],[-60.04406,-3.05933],[-60.04409,-3.05967],[-60.04411,-3.05981],[-60.04415,-3.06036],[-60.04425,-3.06054],[-60.04442,-3.06059],[-60.04503,-3.06061],[-60.04538,-3.06063],[-60.04565,-3.06065],[-60.04579,-3.06069],[-60.04589,-3.0608],[-60.04617,-3.06169],[-60.04623,-3.06188],[-60.04659,-3.0635],[-60.04658,-3.06425],[-60.04655,-3.06503],[-60.04653,-3.06546],[-60.04652,-3.06594],[-60.04652,-3.06602],[-60.04653,-3.06669],[-60.04658,-3.0673],[-60.0466,-3.06748],[-60.04661,-3.06767],[-60.04662,-3.06773],[-60.04669,-3.06856],[-60.0467,-3.06873],[-60.04673,-3.06928],[-60.04683,-3.07033],[-60.04686,-3.07063],[-60.04691,-3.07149],[-60.04794,-3.0717],[-60.04806,-3.07172],[-60.04919,-3.07195],[-60.04929,-3.07197],[-60.05006,-3.07213],[-60.0503,-3.07217],[-60.05096,-3.07225],[-60.05129,-3.07224],[-60.05186,-3.07222],[-60.05278,-3.07211],[-60.05331,-3.07199],[-60.05414,-3.07138],[-60.05428,-3.07127],[-60.05517,-3.07213],[-60.05604,-3.07295],[-60.05602,-3.07297],[-60.05586,-3.07314],[-60.05572,-3.07323],[-60.05551,-3.07325],[-60.05563,-3.0737],[-60.05576,-3.07417],[-60.05589,-3.07462],[-60.05589,-3.07464],[-60.0569,-3.07454],[-60.05699,-3.07501],[-60.0587,-3.07485],[-60.05861,-3.07535],[-60.05853,-3.07589],[-60.05843,-3.07649],[-60.05832,-3.07708],[-60.05822,-3.0777],[-60.05814,-3.07821],[-60.05756,-3.07813],[-60.05746,-3.07871],[-60.05736,-3.07928],[-60.05729,-3.0797],[-60.05727,-3.07982],[-60.0572,-3.08044],[-60.05711,-3.08085],[-60.05638,-3.08089],[-60.05613,-3.08091],[-60.05604,-3.08098],[-60.05604,-3.0811],[-60.0561,-3.08134],[-60.05613,-3.08155],[-60.05618,-3.08186],[-60.05621,-3.08206],[-60.05616,-3.08223],[-60.05602,-3.08252],[-60.05596,-3.08264],[-60.05589,-3.08272],[-60.05574,-3.08286],[-60.05556,-3.08304],[-60.05538,-3.08326],[-60.05518,-3.08353],[-60.05509,-3.08366],[-60.05499,-3.08375],[-60.05471,-3.08398],[-60.054,-3.0849],[-60.05396,-3.08502],[-60.05393,-3.08509],[-60.0539,-3.08518],[-60.05379,-3.08554],[-60.05386,-3.08604],[-60.0539,-3.08711],[-60.05391,-3.08732],[-60.05387,-3.08756],[-60.05371,-3.08805],[-60.05356,-3.0882],[-60.05339,-3.08833],[-60.05326,-3.08835],[-60.05316,-3.08842],[-60.05296,-3.08859],[-60.05285,-3.08871],[-60.05284,-3.08872],[-60.05181,-3.08873],[-60.05171,-3.08873],[-60.05152,-3.08403]]]}},{"type":"Feature","id":"Da Paz","properties":{"bairro":"Da Paz","zona":"Centro-Oeste"},"geometry":{"type":"Polygon","coordinates":[[[-60.03425,-3.04848],[-60.03489,-3.04841],[-60.03488,-3.04664],[-60.03488,-3.04663],[-60.02487,-3.04539],[-60.02488,-3.04557],[-60.02488,-3.04571],[-60.02492,-3.04643],[-60.02492,-3.04654],[-60.02493,-3.04715],[-60.02493,-3.04766],[-60.02495,-3.04786],[-60.02496,-3.04823],[-60.02501,-3.04903],[-60.02508,-3.05067],[-60.02509,-3.05099],[-60.02518,-3.05262],[-60.02524,-3.05365],[-60.02527,-3.05469],[-60.02527,-3.05483],[-60.02526,-3.05508],[-60.02525,-3.05559],[-60.02525,-3.05572],[-60.02515,-3.06067],[-60.02509,-3.06812],[-60.0253,-3.06827],[-60.02542,-3.06832],[-60.02593,-3.06908],[-60.02597,-3.06925],[-60.02884,-3.06922],[-60.02916,-3.06923],[-60.0292,-3.06925],[-60.0292,-3.06911],[-60.02931,-3.06903],[-60.02955,-3.06903],[-60.02981,-3.06898],[-60.03005,-3.06886],[-60.03032,-3.06879],[-60.03055,-3.06868],[-60.03093,-3.06853],[-60.03111,-3.06836],[-60.03126,-3.0683],[-60.03142,-3.0681],[-60.0314,-3.068],[-60.0314,-3.06774],[-60.0314,-3.06748],[-60.03151,-3.06695],[-60.03152,-3.06676],[-60.03145,-3.06662],[-60.03149,-3.06644],[-60.0316,-3.06637],[-60.03183,-3.06638],[-60.03204,-3.06641],[-60.03234,-3.06631],[-60.03246,-3.06619],[-60.03266,-3.06608],[-60.03306,-3.06564],[-60.03368,-3.06532],[-60.03375,-3.06515],[-60.03375,-3.06497],[-60.03376,-3.06475],[-60.03418,-3.06359],[-60.03426,-3.06307],[-60.03429,-3.06266],[-60.03426,-3.06256],[-60.03423,-3.06244],[-60.0342,-3.06221],[-60.03423,-3.06197],[-60.03442,-3.06174],[-60.03482,-3.06148],[-60.035,-3.0609],[-60.03507,-3.0608],[-60.03545,-3.06054],[-60.0359,-3.06007],[-60.03601,-3.0599],[-60.03604,-3.0594],[-60.03638,-3.05933],[-60.03655,-3.05925],[-60.03659,-3.05915],[-60.03652,-3.05873],[-60.03648,-3.05845],[-60.03647,-3.05798],[-60.03637,-3.05798],[-60.03425,-3.05801],[-60.03413,-3.05798],[-60.03282,-3.05653],[-60.03279,-3.05641],[-60.03275,-3.05331],[-60.03276,-3.05217],[-60.03278,-3.05202],[-60.0328,-3.05194],[-60.03283,-3.05188],[-60.03392,-3.0508],[-60.03407,-3.0507],[-60.03414,-3.0507],[-60.03459,-3.05065],[-60.03428,-3.04882],[-60.03425,-3.04849],[-60.03425,-3.04848]]]}},{"type":"Feature","id":"Planalto","properties":{"bairro":"Planalto","zona":"Centro-Oeste"},"geometry":{"type":"Polygon","coordinates":[[[-60.05428,-3.07127],[-60.05414,-3.07138],[-60.05331,-3.07199],[-60.05278,-3.07211],[-60.05186,-3.07222],[-60.05129,-3.07224],[-60.05096,-3.07225],[-60.0503,-3.07217],[-60.05006,-3.07213],[-60.04929,-3.07197],[-60.04919,-3.07195],[-60.04806,-3.07172],[-60.04794,-3.0717],[-60.04691,-3.07149],[-60.04686,-3.07063],[-60.04683,-3.07033],[-60.04673,-3.06928],[-60.0467,-3.06873],[-60.04669,-3.06856],[-60.04662,-3.06773],[-60.04661,-3.06767],[-60.0466,-3.06748],[-60.04658,-3.0673],[-60.04653,-3.06669],[-60.04652,-3.06602],[-60.04652,-3.06594],[-60.04653,-3.06546],[-60.04655,-3.06503],[-60.04658,-3.06425],[-60.04659,-3.0635],[-60.04623,-3.06188],[-60.04626,-3.06187],[-60.04632,-3.06168],[-60.04701,-3.06074],[-60.04725,-3.06062],[-60.04771,-3.06036],[-60.04815,-3.06009],[-60.04866,-3.05985],[-60.0487,-3.05983],[-60.04918,-3.05966],[-60.0497,-3.05945],[-60.05015,-3.05934],[-60.05042,-3.05933],[-60.05077,-3.0593],[-60.05096,-3.05932],[-60.05137,-3.05934],[-60.05151,-3.05935],[-60.05194,-3.05928],[-60.05204,-3.05927],[-60.05231,-3.05905],[-60.05255,-3.05887],[-60.05278,-3.05858],[-60.05296,-3.05809],[-60.05306,-3.05787],[-60.05312,-3.05769],[-60.0532,-3.0575],[-60.05336,-3.05706],[-60.05341,-3.05688],[-60.05355,-3.05654],[-60.05369,-3.0562],[-60.0538,-3.05584],[-60.05396,-3.05551],[-60.05408,-3.05535],[-60.05421,-3.05522],[-60.05432,-3.05517],[-60.05452,-3.05511],[-60.05514,-3.05506],[-60.05604,-3.05448],[-60.05704,-3.05431],[-60.05759,-3.05423],[-60.058,-3.05422],[-60.05828,-3.0541],[-60.05847,-3.05403],[-60.05863,-3.05402],[-60.059,-3.054],[-60.0593,-3.05398],[-60.05944,-3.05398],[-60.05961,-3.054],[-60.06228,-3.05358],[-60.0631,-3.05335],[-60.06367,-3.05313],[-60.06425,-3.0528],[-60.06432,-3.05293],[-60.0644,-3.05311],[-60.06454,-3.05334],[-60.06465,-3.05356],[-60.0649,-3.05434],[-60.06505,-3.05453],[-60.06505,-3.05496],[-60.06483,-3.05549],[-60.06491,-3.05569],[-60.06483,-3.05605],[-60.06491,-3.05639],[-60.06515,-3.05717],[-60.06563,-3.0574],[-60.0659,-3.05792],[-60.0658,-3.05813],[-60.06575,-3.05852],[-60.06578,-3.0591],[-60.06605,-3.06015],[-60.06639,-3.06034],[-60.0665,-3.06057],[-60.06662,-3.06065],[-60.06683,-3.06079],[-60.06716,-3.06101],[-60.06718,-3.0614],[-60.06706,-3.06222],[-60.06709,-3.0627],[-60.06707,-3.06294],[-60.06702,-3.0631],[-60.06691,-3.06344],[-60.06685,-3.06375],[-60.06691,-3.0641],[-60.06719,-3.06431],[-60.06761,-3.06454],[-60.06758,-3.06497],[-60.06869,-3.06614],[-60.06856,-3.06661],[-60.06817,-3.0679],[-60.06796,-3.06853],[-60.0678,-3.06904],[-60.06764,-3.06958],[-60.06747,-3.07011],[-60.06715,-3.0712],[-60.06688,-3.07125],[-60.06653,-3.07128],[-60.06643,-3.07129],[-60.06595,-3.07134],[-60.06303,-3.07197],[-60.06289,-3.07213],[-60.0628,-3.07325],[-60.06278,-3.07365],[-60.06242,-3.07332],[-60.06161,-3.07251],[-60.06049,-3.07142],[-60.06028,-3.0712],[-60.05914,-3.07009],[-60.05909,-3.07005],[-60.05899,-3.06996],[-60.05878,-3.06983],[-60.05869,-3.06975],[-60.05812,-3.06936],[-60.0574,-3.06897],[-60.05694,-3.06921],[-60.0566,-3.06939],[-60.05633,-3.06962],[-60.05601,-3.06988],[-60.05576,-3.07007],[-60.05518,-3.07053],[-60.05494,-3.07073],[-60.05492,-3.07074],[-60.05428,-3.07127]]]}},{"type":"Feature","id":"Nova Esperança","properties":{"bairro":"Nova Esperança","zona":"Oeste"},"geometry":{"type":"Polygon","coordinates":[[[-60.04793,-3.09237],[-60.04787,-3.09249],[-60.04917,-3.09276],[-60.05027,-3.09304],[-60.05093,-3.0932],[-60.05128,-3.09331],[-60.05142,-3.09336],[-60.05152,-3.09344],[-60.0516,-3.0935],[-60.05164,-3.09355],[-60.05168,-3.09363],[-60.05172,-3.09373],[-60.05181,-3.09385],[-60.05206,-3.09317],[-60.05219,-3.09289],[-60.05237,-3.09262],[-60.05268,-3.09228],[-60.05304,-3.09199],[-60.05341,-3.09179],[-60.05427,-3.09145],[-60.05592,-3.09079],[-60.0566,-3.09055],[-60.05669,-3.09051],[-60.05766,-3.09011],[-60.05771,-3.09009],[-60.05805,-3.08996],[-60.0582,-3.0899],[-60.06048,-3.089],[-60.06083,-3.08895],[-60.06146,-3.08891],[-60.06167,-3.08864],[-60.06206,-3.08806],[-60.06235,-3.08748],[-60.06261,-3.087],[-60.06294,-3.08636],[-60.06321,-3.08595],[-60.06314,-3.08563],[-60.06308,-3.08546],[-60.06293,-3.08509],[-60.06232,-3.08386],[-60.06215,-3.08347],[-60.06215,-3.08339],[-60.06216,-3.08326],[-60.06221,-3.08304],[-60.06229,-3.08281],[-60.06239,-3.08252],[-60.06255,-3.08197],[-60.06268,-3.08136],[-60.06282,-3.08073],[-60.06289,-3.08063],[-60.06297,-3.08051],[-60.06317,-3.08031],[-60.06336,-3.08014],[-60.06362,-3.07992],[-60.06395,-3.07963],[-60.06425,-3.07934],[-60.06389,-3.07881],[-60.06383,-3.0787],[-60.063,-3.07745],[-60.06257,-3.07679],[-60.06236,-3.07633],[-60.06193,-3.07563],[-60.06178,-3.07539],[-60.06155,-3.07495],[-60.06114,-3.0743],[-60.06067,-3.07435],[-60.06038,-3.07438],[-60.05994,-3.07435],[-60.05989,-3.07435],[-60.05945,-3.07436],[-60.05884,-3.07432],[-60.0587,-3.07485],[-60.05861,-3.07535],[-60.05853,-3.07589],[-60.05843,-3.07649],[-60.05832,-3.07708],[-60.05822,-3.0777],[-60.05814,-3.07821],[-60.05756,-3.07813],[-60.05746,-3.07871],[-60.05736,-3.07928],[-60.05729,-3.0797],[-60.05727,-3.07982],[-60.0572,-3.08044],[-60.05711,-3.08085],[-60.05638,-3.08089],[-60.05613,-3.08091],[-60.05604,-3.08098],[-60.05604,-3.0811],[-60.0561,-3.08134],[-60.05613,-3.08155],[-60.05618,-3.08186],[-60.05621,-3.08206],[-60.05616,-3.08223],[-60.05602,-3.08252],[-60.05596,-3.08264],[-60.05589,-3.08272],[-60.05574,-3.08286],[-60.05556,-3.08304],[-60.05538,-3.08326],[-60.05518,-3.08353],[-60.05509,-3.08366],[-60.05499,-3.08375],[-60.05471,-3.08398],[-60.054,-3.0849],[-60.05396,-3.08502],[-60.05393,-3.08509],[-60.0539,-3.08518],[-60.05379,-3.08554],[-60.05386,-3.08604],[-60.0539,-3.08711],[-60.05391,-3.08732],[-60.05387,-3.08756],[-60.05371,-3.08805],[-60.05356,-3.0882],[-60.05339,-3.08833],[-60.05326,-3.08835],[-60.05316,-3.08842],[-60.05296,-3.08859],[-60.05285,-3.08871],[-60.05284,-3.08872],[-60.05258,-3.0891],[-60.0521,-3.08953],[-60.05153,-3.08998],[-60.05125,-3.09018],[-60.05112,-3.09026],[-60.05109,-3.09029],[-60.05093,-3.09034],[-60.05052,-3.09047],[-60.05015,-3.09054],[-60.04935,-3.09082],[-60.04891,-3.09095],[-60.04869,-3.09101],[-60.04842,-3.09119],[-60.04829,-3.09141],[-60.04793,-3.09237]]]}},{"type":"Feature","id":"Lírio do Vale","properties":{"bairro":"Lírio do Vale","zona":"Oeste"},"geometry":{"type":"Polygon","coordinates":[[[-60.08487,-3.07289],[-60.0849,-3.07352],[-60.08493,-3.07391],[-60.08511,-3.07697],[-60.08477,-3.07705],[-60.08469,-3.07705],[-60.08424,-3.07705],[-60.08384,-3.07695],[-60.08317,-3.07671],[-60.08279,-3.07657],[-60.08233,-3.07644],[-60.08184,-3.07629],[-60.08147,-3.07619],[-60.08119,-3.07616],[-60.08103,-3.07616],[-60.0808,-3.07615],[-60.08045,-3.07617],[-60.08007,-3.07625],[-60.07967,-3.0764],[-60.07925,-3.07664],[-60.07886,-3.07695],[-60.07882,-3.07698],[-60.07859,-3.0772],[-60.07831,-3.07756],[-60.07808,-3.07789],[-60.07753,-3.07884],[-60.07717,-3.0794],[-60.07682,-3.08],[-60.07647,-3.08055],[-60.0761,-3.08116],[-60.07577,-3.08165],[-60.0754,-3.08221],[-60.07487,-3.08319],[-60.0743,-3.08406],[-60.07398,-3.08457],[-60.07375,-3.08485],[-60.0736,-3.08502],[-60.07327,-3.08533],[-60.07298,-3.08557],[-60.07264,-3.08577],[-60.07234,-3.08587],[-60.07206,-3.08597],[-60.07166,-3.08605],[-60.07131,-3.08606],[-60.0709,-3.08602],[-60.07024,-3.08595],[-60.06953,-3.08584],[-60.06903,-3.08577],[-60.06793,-3.0856],[-60.06761,-3.08556],[-60.06744,-3.08553],[-60.06711,-3.08548],[-60.0663,-3.08535],[-60.06537,-3.08523],[-60.06524,-3.0852],[-60.06459,-3.0852],[-60.06427,-3.08526],[-60.06395,-3.08534],[-60.06352,-3.08563],[-60.06321,-3.08595],[-60.06314,-3.08563],[-60.06308,-3.08546],[-60.06293,-3.08509],[-60.06232,-3.08386],[-60.06215,-3.08347],[-60.06215,-3.08339],[-60.06216,-3.08326],[-60.06221,-3.08304],[-60.06229,-3.08281],[-60.06239,-3.08252],[-60.06255,-3.08197],[-60.06268,-3.08136],[-60.06282,-3.08073],[-60.06289,-3.08063],[-60.06297,-3.08051],[-60.06317,-3.08031],[-60.06336,-3.08014],[-60.06362,-3.07992],[-60.06395,-3.07963],[-60.06425,-3.07934],[-60.06469,-3.07883],[-60.06478,-3.07858],[-60.06491,-3.07786],[-60.06489,-3.07778],[-60.06486,-3.07735],[-60.06481,-3.07714],[-60.06449,-3.07569],[-60.06445,-3.07553],[-60.06431,-3.07527],[-60.06366,-3.07466],[-60.06292,-3.07389],[-60.06278,-3.07365],[-60.0628,-3.07325],[-60.06289,-3.07213],[-60.06303,-3.07197],[-60.06595,-3.07134],[-60.06643,-3.07129],[-60.06653,-3.07128],[-60.06688,-3.07125],[-60.06715,-3.0712],[-60.06747,-3.07011],[-60.06764,-3.06958],[-60.0678,-3.06904],[-60.06796,-3.06853],[-60.06817,-3.0679],[-60.06856,-3.06661],[-60.06869,-3.06614],[-60.06944,-3.06687],[-60.06992,-3.06706],[-60.07067,-3.0675],[-60.0709,-3.06772],[-60.07118,-3.06803],[-60.07131,-3.06806],[-60.07147,-3.06822],[-60.07162,-3.06832],[-60.07203,-3.06841],[-60.07227,-3.06846],[-60.0724,-3.06849],[-60.07271,-3.06864],[-60.07299,-3.06891],[-60.07308,-3.06901],[-60.07322,-3.06917],[-60.07337,-3.06944],[-60.07341,-3.0696],[-60.07363,-3.06992],[-60.07378,-3.07003],[-60.07396,-3.07011],[-60.0741,-3.07013],[-60.07431,-3.07013],[-60.0744,-3.0702],[-60.07444,-3.07038],[-60.07441,-3.07049],[-60.07444,-3.07064],[-60.07457,-3.07074],[-60.0748,-3.07077],[-60.07488,-3.07087],[-60.07503,-3.07092],[-60.07527,-3.07105],[-60.07549,-3.07109],[-60.07575,-3.0712],[-60.07596,-3.07121],[-60.07619,-3.07114],[-60.0764,-3.07104],[-60.07673,-3.07113],[-60.07694,-3.07112],[-60.07712,-3.07115],[-60.07735,-3.07113],[-60.07782,-3.07122],[-60.07811,-3.07128],[-60.07864,-3.07151],[-60.0788,-3.0717],[-60.07902,-3.07182],[-60.07926,-3.07192],[-60.07955,-3.07199],[-60.07966,-3.07201],[-60.07977,-3.07206],[-60.08002,-3.07232],[-60.08005,-3.0725],[-60.08013,-3.07261],[-60.08023,-3.07274],[-60.08031,-3.07285],[-60.08047,-3.07302],[-60.08056,-3.07316],[-60.08064,-3.07327],[-60.08073,-3.07334],[-60.08083,-3.07336],[-60.08101,-3.07344],[-60.08118,-3.07353],[-60.08136,-3.07369],[-60.08153,-3.07384],[-60.08164,-3.07394],[-60.0818,-3.07399],[-60.08192,-3.07394],[-60.08201,-3.07387],[-60.08226,-3.07388],[-60.0825,-3.07394],[-60.08273,-3.07393],[-60.08388,-3.07335],[-60.08425,-3.07317],[-60.08447,-3.07305],[-60.08482,-3.07292],[-60.08487,-3.07289]]]}},{"type":"Feature","id":"Santo Agostinho","properties":{"bairro":"Santo Agostinho","zona":"Oeste"},"geometry":{"type":"Polygon","coordinates":[[[-60.07024,-3.08595],[-60.07023,-3.08843],[-60.0702,-3.08884],[-60.07002,-3.08993],[-60.0699,-3.09019],[-60.06971,-3.09062],[-60.06946,-3.09115],[-60.06935,-3.09197],[-60.06937,-3.0928],[-60.0704,-3.0956],[-60.07072,-3.09586],[-60.07093,-3.09616],[-60.07119,-3.09659],[-60.07225,-3.09698],[-60.07129,-3.09891],[-60.07119,-3.09909],[-60.07092,-3.09934],[-60.07036,-3.0997],[-60.06994,-3.10006],[-60.06902,-3.10144],[-60.06837,-3.10227],[-60.06794,-3.10264],[-60.0676,-3.10281],[-60.06722,-3.10285],[-60.06663,-3.10279],[-60.06646,-3.10278],[-60.06616,-3.10278],[-60.0661,-3.10267],[-60.06586,-3.10217],[-60.06549,-3.10155],[-60.06526,-3.10122],[-60.06505,-3.10094],[-60.06498,-3.10084],[-60.06492,-3.10073],[-60.06476,-3.10041],[-60.06469,-3.10021],[-60.06461,-3.1],[-60.06444,-3.09978],[-60.06418,-3.09948],[-60.06399,-3.09932],[-60.06378,-3.09904],[-60.06372,-3.09897],[-60.0631,-3.09808],[-60.0628,-3.09755],[-60.0626,-3.09713],[-60.06251,-3.09699],[-60.06244,-3.09687],[-60.06237,-3.09676],[-60.06219,-3.09656],[-60.06178,-3.09618],[-60.06168,-3.09603],[-60.06152,-3.09575],[-60.0613,-3.09535],[-60.06111,-3.09504],[-60.06086,-3.0947],[-60.06065,-3.09447],[-60.06041,-3.09428],[-60.05987,-3.09399],[-60.05925,-3.09378],[-60.05906,-3.09371],[-60.0589,-3.09362],[-60.06014,-3.09164],[-60.06051,-3.09099],[-60.06089,-3.09028],[-60.0613,-3.0896],[-60.06131,-3.08943],[-60.06122,-3.08922],[-60.06116,-3.08913],[-60.06101,-3.08901],[-60.06083,-3.08895],[-60.06146,-3.08891],[-60.06167,-3.08864],[-60.06206,-3.08806],[-60.06235,-3.08748],[-60.06261,-3.087],[-60.06294,-3.08636],[-60.06321,-3.08595],[-60.06352,-3.08563],[-60.06395,-3.08534],[-60.06427,-3.08526],[-60.06459,-3.0852],[-60.06524,-3.0852],[-60.06537,-3.08523],[-60.0663,-3.08535],[-60.06711,-3.08548],[-60.06744,-3.08553],[-60.06761,-3.08556],[-60.06793,-3.0856],[-60.06903,-3.08577],[-60.06953,-3.08584],[-60.07024,-3.08595]]]}},{"type":"Feature","id":"Tarumã-Açu","properties":{"bairro":"Tarumã-Açu","zona":"Oeste"},"geometry":{"type":"Polygon","coordinates":[[[-60.05151,-2.98308],[-60.05151,-2.98315],[-60.05154,-2.98324],[-60.05158,-2.98336],[-60.05159,-2.98347],[-60.05157,-2.98369],[-60.05155,-2.98383],[-60.05154,-2.98404],[-60.0517,-2.98422],[-60.05201,-2.9843],[-60.05286,-2.98475],[-60.05331,-2.98513],[-60.05386,-2.98557],[-60.05439,-2.98576],[-60.05485,-2.98555],[-60.05517,-2.98544],[-60.05535,-2.98545],[-60.0555,-2.98553],[-60.05561,-2.98565],[-60.05704,-2.98674],[-60.0571,-2.98689],[-60.05716,-2.9871],[-60.05709,-2.98729],[-60.057,-2.98741],[-60.057,-2.98758],[-60.05738,-2.98796],[-60.05806,-2.98848],[-60.05848,-2.98894],[-60.05882,-2.98946],[-60.05898,-2.98967],[-60.05914,-2.98964],[-60.05925,-2.98953],[-60.05953,-2.98885],[-60.05956,-2.9884],[-60.05965,-2.98824],[-60.05986,-2.98825],[-60.06009,-2.98852],[-60.06035,-2.98895],[-60.06057,-2.98939],[-60.06092,-2.98989],[-60.06108,-2.9903],[-60.06122,-2.99072],[-60.06138,-2.99113],[-60.06174,-2.99134],[-60.06224,-2.99148],[-60.06248,-2.99148],[-60.06263,-2.99153],[-60.06293,-2.99187],[-60.06295,-2.99217],[-60.06294,-2.99242],[-60.06284,-2.99269],[-60.0627,-2.99298],[-60.06232,-2.99326],[-60.06212,-2.99343],[-60.062,-2.99361],[-60.06194,-2.99379],[-60.06191,-2.994],[-60.06197,-2.99424],[-60.06207,-2.99446],[-60.06228,-2.99458],[-60.06243,-2.99459],[-60.06263,-2.99458],[-60.06281,-2.99466],[-60.06293,-2.99479],[-60.06302,-2.99493],[-60.06313,-2.99522],[-60.06318,-2.99554],[-60.06309,-2.99588],[-60.06297,-2.99621],[-60.06298,-2.99648],[-60.06308,-2.99665],[-60.06374,-2.99677],[-60.0641,-2.99693],[-60.06436,-2.99713],[-60.065,-2.99744],[-60.06567,-2.99767],[-60.06604,-2.99778],[-60.06641,-2.99811],[-60.06722,-2.9984],[-60.06745,-2.9986],[-60.06772,-2.99873],[-60.06797,-2.99886],[-60.06843,-2.99915],[-60.06896,-2.99923],[-60.06997,-2.99918],[-60.07024,-2.99909],[-60.07052,-2.99888],[-60.0708,-2.99858],[-60.07141,-2.99796],[-60.07259,-2.9974],[-60.07312,-2.99724],[-60.07404,-2.99697],[-60.07443,-2.99689],[-60.07491,-2.99689],[-60.07526,-2.99706],[-60.07554,-2.99737],[-60.0757,-2.99776],[-60.07574,-2.998],[-60.07569,-2.9983],[-60.07574,-2.99851],[-60.0759,-2.99868],[-60.07657,-2.99913],[-60.07696,-2.99959],[-60.07711,-2.99976],[-60.07736,-2.99987],[-60.07762,-2.99987],[-60.07787,-2.99973],[-60.07891,-2.99952],[-60.07979,-2.99898],[-60.08074,-2.99876],[-60.08133,-2.99889],[-60.08177,-2.99909],[-60.08194,-2.99934],[-60.08218,-2.99944],[-60.08241,-2.99947],[-60.08268,-2.9993],[-60.08316,-2.99938],[-60.08404,-2.99999],[-60.0843,-2.99994],[-60.08457,-3.0],[-60.08467,-3.00009],[-60.08479,-3.00036],[-60.085,-3.00046],[-60.08521,-3.00035],[-60.08547,-3.00011],[-60.08571,-3.00015],[-60.08599,-3.00035],[-60.08614,-3.00068],[-60.08607,-3.00109],[-60.08618,-3.00151],[-60.08636,-3.00169],[-60.08655,-3.00176],[-60.08673,-3.00178],[-60.08685,-3.00194],[-60.08736,-3.00313],[-60.08737,-3.00317],[-60.0876,-3.00442],[-60.08988,-3.00381],[-60.10063,-3.00452],[-60.10713,-2.99468],[-60.10746,-2.98496],[-60.10454,-2.97338],[-60.10644,-2.96297],[-60.10094,-2.95643],[-60.08967,-2.95661],[-60.08681,-2.95564],[-60.08352,-2.95398],[-60.08189,-2.95332],[-60.0808,-2.95333],[-60.07963,-2.95308],[-60.07857,-2.95384],[-60.07781,-2.95407],[-60.07633,-2.95355],[-60.07576,-2.95315],[-60.07547,-2.95241],[-60.07439,-2.95134],[-60.07406,-2.95109],[-60.07357,-2.95093],[-60.07319,-2.95081],[-60.07279,-2.95087],[-60.07257,-2.95056],[-60.07241,-2.95042],[-60.07217,-2.95038],[-60.0719,-2.95044],[-60.0716,-2.95036],[-60.0714,-2.95003],[-60.07052,-2.94929],[-60.07011,-2.94888],[-60.06938,-2.94884],[-60.06826,-2.94811],[-60.06245,-2.94571],[-60.05953,-2.94402],[-60.05772,-2.94325],[-60.05623,-2.94223],[-60.0546,-2.9406],[-60.05441,-2.94001],[-60.05417,-2.93983],[-60.05405,-2.93954],[-60.05334,-2.93953],[-60.05315,-2.9394],[-60.05246,-2.93822],[-60.05104,-2.93639],[-60.04923,-2.93491],[-60.04721,-2.93322],[-60.04681,-2.93298],[-60.04655,-2.9325],[-60.04295,-2.93181],[-60.04148,-2.93046],[-60.04155,-2.93031],[-60.04124,-2.93003],[-60.04106,-2.93002],[-60.04014,-2.92951],[-60.03848,-2.92827],[-60.03757,-2.92798],[-60.0361,-2.92772],[-60.03543,-2.92735],[-60.03515,-2.9285],[-60.03419,-2.93672],[-60.0341,-2.93746],[-60.03388,-2.93937],[-60.03375,-2.94287],[-60.03363,-2.94622],[-60.0335,-2.94621],[-60.03321,-2.95568],[-60.03315,-2.95715],[-60.03294,-2.95813],[-60.0324,-2.95934],[-60.03181,-2.96013],[-60.03126,-2.96064],[-60.03095,-2.96088],[-60.02994,-2.96146],[-60.02833,-2.96221],[-60.02688,-2.96288],[-60.02543,-2.96354],[-60.02359,-2.96442],[-60.0219,-2.96524],[-60.02153,-2.96542],[-60.02104,-2.96578],[-60.02054,-2.96629],[-60.01948,-2.96739],[-60.01933,-2.96755],[-60.01866,-2.96833],[-60.01644,-2.97076],[-60.01609,-2.97112],[-60.01603,-2.97131],[-60.01588,-2.97153],[-60.01576,-2.97181],[-60.01564,-2.97259],[-60.01569,-2.97364],[-60.0157,-2.97425],[-60.01572,-2.97474],[-60.01575,-2.97574],[-60.01575,-2.97617],[-60.01576,-2.97641],[-60.01581,-2.97673],[-60.01586,-2.97704],[-60.01594,-2.97744],[-60.01606,-2.97787],[-60.01627,-2.97847],[-60.01645,-2.9789],[-60.01662,-2.97924],[-60.01697,-2.97987],[-60.01729,-2.98033],[-60.0176,-2.98069],[-60.01792,-2.98109],[-60.01868,-2.98183],[-60.01915,-2.98232],[-60.01965,-2.98281],[-60.01989,-2.98299],[-60.02014,-2.98325],[-60.02085,-2.9839],[-60.02142,-2.98445],[-60.02178,-2.98478],[-60.02181,-2.98481],[-60.02224,-2.98526],[-60.02226,-2.98528],[-60.0226,-2.98559],[-60.02339,-2.9864],[-60.02442,-2.98741],[-60.02584,-2.98878],[-60.02687,-2.98974],[-60.02768,-2.99055],[-60.02869,-2.99158],[-60.02884,-2.99174],[-60.02906,-2.9919],[-60.02922,-2.99203],[-60.02937,-2.99216],[-60.02985,-2.99276],[-60.03046,-2.99345],[-60.03091,-2.99429],[-60.03077,-2.99383],[-60.03066,-2.99361],[-60.03057,-2.99344],[-60.03072,-2.99306],[-60.03119,-2.9926],[-60.0314,-2.9924],[-60.03159,-2.99223],[-60.03388,-2.9901],[-60.03469,-2.98979],[-60.03506,-2.98965],[-60.03588,-2.98933],[-60.03938,-2.98795],[-60.03982,-2.98774],[-60.04003,-2.9876],[-60.04019,-2.98746],[-60.04037,-2.98727],[-60.04043,-2.98719],[-60.04079,-2.98653],[-60.04161,-2.98505],[-60.04189,-2.98449],[-60.04208,-2.98425],[-60.04216,-2.98417],[-60.04239,-2.98401],[-60.04252,-2.98396],[-60.04282,-2.98389],[-60.04512,-2.98359],[-60.04639,-2.98342],[-60.04855,-2.98313],[-60.04951,-2.98299],[-60.04996,-2.98294],[-60.05021,-2.98292],[-60.05039,-2.98292],[-60.05054,-2.98298],[-60.05064,-2.98305],[-60.05076,-2.98321],[-60.05092,-2.98349],[-60.05095,-2.98346],[-60.05114,-2.9832],[-60.05123,-2.98312],[-60.05131,-2.98306],[-60.05144,-2.98304],[-60.05151,-2.98308]]]}},{"type":"Feature","id":"Tarumã","properties":{"bairro":"Tarumã","zona":"Oeste"},"geometry":{"type":"Polygon","coordinates":[[[-60.05151,-2.98308],[-60.05151,-2.98315],[-60.05154,-2.98324],[-60.05158,-2.98336],[-60.05159,-2.98347],[-60.05157,-2.98369],[-60.05155,-2.98383],[-60.05154,-2.98404],[-60.0517,-2.98422],[-60.05201,-2.9843],[-60.05286,-2.98475],[-60.05331,-2.98513],[-60.05386,-2.98557],[-60.05439,-2.98576],[-60.05485,-2.98555],[-60.05517,-2.98544],[-60.05535,-2.98545],[-60.0555,-2.98553],[-60.05561,-2.98565],[-60.05704,-2.98674],[-60.0571,-2.98689],[-60.05716,-2.9871],[-60.05709,-2.98729],[-60.057,-2.98741],[-60.057,-2.98758],[-60.05738,-2.98796],[-60.05806,-2.98848],[-60.05848,-2.98894],[-60.05882,-2.98946],[-60.05898,-2.98967],[-60.05914,-2.98964],[-60.05925,-2.98953],[-60.05953,-2.98885],[-60.05956,-2.9884],[-60.05965,-2.98824],[-60.05986,-2.98825],[-60.06009,-2.98852],[-60.06035,-2.98895],[-60.06057,-2.98939],[-60.06092,-2.98989],[-60.06108,-2.9903],[-60.06122,-2.99072],[-60.06138,-2.99113],[-60.06174,-2.99134],[-60.06224,-2.99148],[-60.06248,-2.99148],[-60.06263,-2.99153],[-60.06293,-2.99187],[-60.06295,-2.99217],[-60.06294,-2.99242],[-60.06284,-2.99269],[-60.0627,-2.99298],[-60.06232,-2.99326],[-60.06212,-2.99343],[-60.062,-2.99361],[-60.06194,-2.99379],[-60.06191,-2.994],[-60.06197,-2.99424],[-60.06207,-2.99446],[-60.06228,-2.99458],[-60.06243,-2.99459],[-60.06263,-2.99458],[-60.06281,-2.99466],[-60.06293,-2.99479],[-60.06302,-2.99493],[-60.06313,-2.99522],[-60.06318,-2.99554],[-60.06309,-2.99588],[-60.06297,-2.99621],[-60.06298,-2.99648],[-60.06308,-2.99665],[-60.06374,-2.99677],[-60.0641,-2.99693],[-60.06436,-2.99713],[-60.065,-2.99744],[-60.06567,-2.99767],[-60.06604,-2.99778],[-60.06641,-2.99811],[-60.06722,-2.9984],[-60.06745,-2.9986],[-60.06772,-2.99873],[-60.06797,-2.99886],[-60.06843,-2.99915],[-60.06896,-2.99923],[-60.06997,-2.99918],[-60.07024,-2.99909],[-60.07052,-2.99888],[-60.0708,-2.99858],[-60.07141,-2.99796],[-60.07259,-2.9974],[-60.07312,-2.99724],[-60.07404,-2.99697],[-60.07443,-2.99689],[-60.07491,-2.99689],[-60.07526,-2.99706],[-60.07554,-2.99737],[-60.0757,-2.99776],[-60.07574,-2.998],[-60.07569,-2.9983],[-60.07574,-2.99851],[-60.0759,-2.99868],[-60.07657,-2.99913],[-60.07696,-2.99959],[-60.07711,-2.99976],[-60.07736,-2.99987],[-60.07762,-2.99987],[-60.07787,-2.99973],[-60.07891,-2.99952],[-60.07979,-2.99898],[-60.08074,-2.99876],[-60.08133,-2.99889],[-60.08177,-2.99909],[-60.08194,-2.99934],[-60.08218,-2.99944],[-60.08241,-2.99947],[-60.08268,-2.9993],[-60.08316,-2.99938],[-60.08404,-2.99999],[-60.0843,-2.99994],[-60.08457,-3.0],[-60.08467,-3.00009],[-60.08479,-3.00036],[-60.085,-3.00046],[-60.08521,-3.00035],[-60.08547,-3.00011],[-60.08571,-3.00015],[-60.08599,-3.00035],[-60.08614,-3.00068],[-60.08607,-3.00109],[-60.08618,-3.00151],[-60.08636,-3.00169],[-60.08655,-3.00176],[-60.08673,-3.00178],[-60.08685,-3.00194],[-60.08736,-3.00313],[-60.08737,-3.00317],[-60.0876,-3.00442],[-60.08484,-3.00487],[-60.08358,-3.00567],[-60.0831,-3.00617],[-60.08269,-3.00705],[-60.08304,-3.00797],[-60.08275,-3.00896],[-60.08271,-3.00908],[-60.08237,-3.00971],[-60.08187,-3.01119],[-60.08079,-3.01246],[-60.08087,-3.01274],[-60.08102,-3.01292],[-60.08113,-3.01379],[-60.08108,-3.01398],[-60.08092,-3.01515],[-60.08092,-3.01626],[-60.08068,-3.01731],[-60.08062,-3.01813],[-60.08027,-3.01946],[-60.08001,-3.02063],[-60.07941,-3.02244],[-60.07931,-3.02288],[-60.07944,-3.02343],[-60.0789,-3.0247],[-60.0777,-3.02826],[-60.07712,-3.02967],[-60.07647,-3.03081],[-60.07623,-3.03205],[-60.07606,-3.03198],[-60.07589,-3.03194],[-60.07573,-3.03193],[-60.07566,-3.03195],[-60.07523,-3.03204],[-60.07497,-3.03214],[-60.07454,-3.03233],[-60.07407,-3.03259],[-60.07397,-3.03264],[-60.07371,-3.03284],[-60.07347,-3.03311],[-60.07334,-3.03323],[-60.07327,-3.03328],[-60.07317,-3.03331],[-60.07301,-3.0333],[-60.0726,-3.03327],[-60.07241,-3.03329],[-60.07214,-3.03335],[-60.07186,-3.03338],[-60.07174,-3.03338],[-60.07164,-3.03337],[-60.07155,-3.03337],[-60.07148,-3.03332],[-60.07125,-3.0332],[-60.0711,-3.03313],[-60.07098,-3.03308],[-60.07084,-3.03304],[-60.07027,-3.03295],[-60.06995,-3.03297],[-60.06956,-3.03304],[-60.06889,-3.03331],[-60.06836,-3.03352],[-60.06845,-3.03386],[-60.06845,-3.03524],[-60.06817,-3.0367],[-60.06818,-3.03717],[-60.0682,-3.03733],[-60.06824,-3.03753],[-60.06836,-3.0378],[-60.06855,-3.03817],[-60.06885,-3.03854],[-60.07305,-3.04354],[-60.07343,-3.044],[-60.0737,-3.04432],[-60.07385,-3.0446],[-60.07395,-3.04476],[-60.074,-3.04488],[-60.07411,-3.04513],[-60.07426,-3.04557],[-60.07466,-3.0468],[-60.07477,-3.04713],[-60.07502,-3.04753],[-60.07655,-3.04943],[-60.07823,-3.05153],[-60.08022,-3.05324],[-60.08049,-3.05353],[-60.08076,-3.05407],[-60.08089,-3.05437],[-60.08134,-3.05525],[-60.08303,-3.0563],[-60.08403,-3.05703],[-60.08399,-3.05708],[-60.08444,-3.06497],[-60.08459,-3.06782],[-60.08466,-3.06891],[-60.08467,-3.06917],[-60.08469,-3.06956],[-60.08479,-3.0713],[-60.08484,-3.07232],[-60.08487,-3.07289],[-60.08482,-3.07292],[-60.08447,-3.07305],[-60.08425,-3.07317],[-60.08388,-3.07335],[-60.08273,-3.07393],[-60.0825,-3.07394],[-60.08226,-3.07388],[-60.08201,-3.07387],[-60.08192,-3.07394],[-60.0818,-3.07399],[-60.08164,-3.07394],[-60.08153,-3.07384],[-60.08136,-3.07369],[-60.08118,-3.07353],[-60.08101,-3.07344],[-60.08083,-3.07336],[-60.08073,-3.07334],[-60.08064,-3.07327],[-60.08056,-3.07316],[-60.08047,-3.07302],[-60.08031,-3.07285],[-60.08023,-3.07274],[-60.08013,-3.07261],[-60.08005,-3.0725],[-60.08002,-3.07232],[-60.07977,-3.07206],[-60.07966,-3.07201],[-60.07955,-3.07199],[-60.07926,-3.07192],[-60.07902,-3.07182],[-60.0788,-3.0717],[-60.07864,-3.07151],[-60.07811,-3.07128],[-60.07782,-3.07122],[-60.07735,-3.07113],[-60.07712,-3.07115],[-60.07694,-3.07112],[-60.07673,-3.07113],[-60.0764,-3.07104],[-60.07619,-3.07114],[-60.07596,-3.07121],[-60.07575,-3.0712],[-60.07549,-3.07109],[-60.07527,-3.07105],[-60.07503,-3.07092],[-60.07488,-3.07087],[-60.0748,-3.07077],[-60.07457,-3.07074],[-60.07444,-3.07064],[-60.07441,-3.07049],[-60.07444,-3.07038],[-60.0744,-3.0702],[-60.07431,-3.07013],[-60.0741,-3.07013],[-60.07396,-3.07011],[-60.07378,-3.07003],[-60.07363,-3.06992],[-60.07341,-3.0696],[-60.07337,-3.06944],[-60.07322,-3.06917],[-60.07308,-3.06901],[-60.07299,-3.06891],[-60.07271,-3.06864],[-60.0724,-3.06849],[-60.07227,-3.06846],[-60.07203,-3.06841],[-60.07162,-3.06832],[-60.07147,-3.06822],[-60.07131,-3.06806],[-60.07118,-3.06803],[-60.0709,-3.06772],[-60.07067,-3.0675],[-60.06992,-3.06706],[-60.06944,-3.06687],[-60.06869,-3.06614],[-60.06758,-3.06497],[-60.06761,-3.06454],[-60.06719,-3.06431],[-60.06691,-3.0641],[-60.06685,-3.06375],[-60.06691,-3.06344],[-60.06702,-3.0631],[-60.06707,-3.06294],[-60.06709,-3.0627],[-60.06706,-3.06222],[-60.06718,-3.0614],[-60.06716,-3.06101],[-60.06683,-3.06079],[-60.06662,-3.06065],[-60.0665,-3.06057],[-60.06639,-3.06034],[-60.06605,-3.06015],[-60.06578,-3.0591],[-60.06575,-3.05852],[-60.0658,-3.05813],[-60.0659,-3.05792],[-60.06563,-3.0574],[-60.06515,-3.05717],[-60.06491,-3.05639],[-60.06483,-3.05605],[-60.06491,-3.05569],[-60.06483,-3.05549],[-60.06505,-3.05496],[-60.06505,-3.05453],[-60.0649,-3.05434],[-60.06465,-3.05356],[-60.06454,-3.05334],[-60.0644,-3.05311],[-60.06432,-3.05293],[-60.06425,-3.0528],[-60.06458,-3.05262],[-60.06496,-3.05242],[-60.06777,-3.05078],[-60.06142,-3.04996],[-60.03786,-3.047],[-60.03488,-3.04663],[-60.02487,-3.04539],[-60.02484,-3.04473],[-60.02482,-3.04418],[-60.02504,-3.04114],[-60.02505,-3.04067],[-60.02506,-3.04044],[-60.02504,-3.03996],[-60.02501,-3.03962],[-60.02495,-3.03928],[-60.0249,-3.03906],[-60.02482,-3.03884],[-60.02471,-3.03857],[-60.02445,-3.03803],[-60.02419,-3.03747],[-60.02405,-3.0372],[-60.02387,-3.03684],[-60.02367,-3.0366],[-60.02344,-3.03637],[-60.02318,-3.03613],[-60.02287,-3.03586],[-60.0226,-3.03566],[-60.0192,-3.03308],[-60.01905,-3.03296],[-60.01887,-3.03278],[-60.01867,-3.03252],[-60.01857,-3.0324],[-60.01849,-3.03227],[-60.01834,-3.03198],[-60.01823,-3.03173],[-60.01815,-3.03148],[-60.01804,-3.03109],[-60.01796,-3.0307],[-60.01791,-3.03038],[-60.01791,-3.02998],[-60.01792,-3.02986],[-60.01798,-3.02949],[-60.01808,-3.0291],[-60.01827,-3.02863],[-60.01834,-3.02845],[-60.01843,-3.02827],[-60.01851,-3.02814],[-60.01863,-3.02797],[-60.01888,-3.02767],[-60.01962,-3.02689],[-60.01972,-3.0268],[-60.02013,-3.02639],[-60.02067,-3.02582],[-60.0209,-3.02559],[-60.02121,-3.02527],[-60.02125,-3.02523],[-60.02151,-3.02494],[-60.02177,-3.02469],[-60.02209,-3.02434],[-60.02261,-3.02379],[-60.0234,-3.02299],[-60.02469,-3.02166],[-60.02498,-3.02136],[-60.02527,-3.02107],[-60.02642,-3.01985],[-60.02667,-3.01957],[-60.02716,-3.019],[-60.02777,-3.01821],[-60.02878,-3.01671],[-60.02976,-3.01513],[-60.03028,-3.01434],[-60.0304,-3.01388],[-60.03041,-3.01375],[-60.03068,-3.01348],[-60.031,-3.01316],[-60.03202,-3.01156],[-60.03229,-3.01111],[-60.03245,-3.01082],[-60.03261,-3.01045],[-60.03273,-3.01014],[-60.03286,-3.00969],[-60.03295,-3.0093],[-60.03303,-3.00874],[-60.03306,-3.00841],[-60.03306,-3.00814],[-60.03305,-3.00784],[-60.03303,-3.00749],[-60.03299,-3.00717],[-60.03276,-3.00606],[-60.0326,-3.00537],[-60.03259,-3.00531],[-60.03253,-3.00506],[-60.03237,-3.00432],[-60.03213,-3.00312],[-60.032,-3.00256],[-60.03183,-3.0018],[-60.03157,-3.00064],[-60.03135,-2.99958],[-60.03131,-2.99928],[-60.0313,-2.99914],[-60.03133,-2.99643],[-60.03131,-2.99601],[-60.03128,-2.99572],[-60.03117,-2.99537],[-60.0311,-2.99492],[-60.03099,-2.99462],[-60.03091,-2.99429],[-60.03077,-2.99383],[-60.03066,-2.99361],[-60.03057,-2.99344],[-60.03072,-2.99306],[-60.03119,-2.9926],[-60.0314,-2.9924],[-60.03159,-2.99223],[-60.03388,-2.9901],[-60.03469,-2.98979],[-60.03506,-2.98965],[-60.03588,-2.98933],[-60.03938,-2.98795],[-60.03982,-2.98774],[-60.04003,-2.9876],[-60.04019,-2.98746],[-60.04037,-2.98727],[-60.04043,-2.98719],[-60.04079,-2.98653],[-60.04161,-2.98505],[-60.04189,-2.98449],[-60.04208,-2.98425],[-60.04216,-2.98417],[-60.04239,-2.98401],[-60.04252,-2.98396],[-60.04282,-2.98389],[-60.04512,-2.98359],[-60.04639,-2.98342],[-60.04855,-2.98313],[-60.04951,-2.98299],[-60.04996,-2.98294],[-60.05021,-2.98292],[-60.05039,-2.98292],[-60.05054,-2.98298],[-60.05064,-2.98305],[-60.05076,-2.98321],[-60.05092,-2.98349],[-60.05095,-2.98346],[-60.05114,-2.9832],[-60.05123,-2.98312],[-60.05131,-2.98306],[-60.05144,-2.98304],[-60.05151,-2.98308]]]}},{"type":"Feature","id":"Zumbi dos Palmares","properties":{"bairro":"Zumbi dos Palmares","zona":"Leste"},"geometry":{"type":"Polygon","coordinates":[[[-59.94002,-3.07023],[-59.94003,-3.07022],[-59.9406,-3.06985],[-59.94076,-3.06978],[-59.94095,-3.06972],[-59.94123,-3.06969],[-59.94147,-3.0697],[-59.94215,-3.06986],[-59.94296,-3.07016],[-59.94318,-3.07025],[-59.9436,-3.07041],[-59.94421,-3.07064],[-59.94458,-3.07081],[-59.94502,-3.07101],[-59.94556,-3.07138],[-59.94579,-3.07153],[-59.94639,-3.07192],[-59.94727,-3.07253],[-59.94771,-3.07283],[-59.9482,-3.07317],[-59.9494,-3.07405],[-59.94948,-3.0741],[-59.95002,-3.0745],[-59.95062,-3.07494],[-59.95072,-3.07501],[-59.95087,-3.07514],[-59.95103,-3.07527],[-59.95116,-3.07535],[-59.9513,-3.07543],[-59.95148,-3.07549],[-59.95178,-3.07556],[-59.95188,-3.07558],[-59.95202,-3.07559],[-59.95216,-3.0756],[-59.95255,-3.07557],[-59.95313,-3.07551],[-59.95358,-3.07545],[-59.95376,-3.07544],[-59.95526,-3.07549],[-59.95576,-3.07553],[-59.9559,-3.07556],[-59.95592,-3.07587],[-59.95593,-3.07622],[-59.95597,-3.07635],[-59.956,-3.07726],[-59.95596,-3.07814],[-59.95594,-3.0787],[-59.95582,-3.07936],[-59.95555,-3.07988],[-59.95493,-3.08076],[-59.95323,-3.08295],[-59.95253,-3.08386],[-59.95068,-3.08621],[-59.95066,-3.08623],[-59.95051,-3.08609],[-59.95047,-3.08602],[-59.95048,-3.08596],[-59.95053,-3.08589],[-59.95054,-3.08582],[-59.9505,-3.08578],[-59.95036,-3.08568],[-59.95021,-3.08561],[-59.94973,-3.08557],[-59.94961,-3.08553],[-59.94936,-3.08533],[-59.94917,-3.0852],[-59.94897,-3.08514],[-59.94883,-3.08513],[-59.94869,-3.08508],[-59.9486,-3.08502],[-59.94857,-3.08499],[-59.94839,-3.08481],[-59.94823,-3.08473],[-59.94817,-3.08472],[-59.94806,-3.08478],[-59.94797,-3.08484],[-59.94775,-3.08493],[-59.94761,-3.085],[-59.94752,-3.08503],[-59.94745,-3.08506],[-59.94735,-3.08524],[-59.94727,-3.08528],[-59.94719,-3.08531],[-59.94692,-3.08532],[-59.9468,-3.08539],[-59.94668,-3.08542],[-59.94653,-3.08541],[-59.94634,-3.08536],[-59.9463,-3.08532],[-59.9462,-3.0853],[-59.94609,-3.08526],[-59.94605,-3.08502],[-59.94591,-3.08496],[-59.94579,-3.08495],[-59.94569,-3.08493],[-59.94565,-3.08473],[-59.94568,-3.08447],[-59.94572,-3.08429],[-59.94571,-3.08422],[-59.94567,-3.08415],[-59.94557,-3.08405],[-59.94544,-3.08391],[-59.94523,-3.08371],[-59.94508,-3.08356],[-59.94496,-3.08347],[-59.94478,-3.08341],[-59.94455,-3.08327],[-59.94423,-3.08311],[-59.94393,-3.08299],[-59.94372,-3.08285],[-59.94354,-3.08285],[-59.9433,-3.08289],[-59.94315,-3.08293],[-59.94306,-3.08302],[-59.94293,-3.08314],[-59.94281,-3.08329],[-59.94269,-3.08341],[-59.9426,-3.08351],[-59.94252,-3.08359],[-59.94249,-3.08373],[-59.94244,-3.0839],[-59.94242,-3.08403],[-59.94244,-3.08423],[-59.94238,-3.08439],[-59.94207,-3.08438],[-59.94184,-3.08431],[-59.9415,-3.08415],[-59.94139,-3.08411],[-59.94115,-3.08404],[-59.94076,-3.08378],[-59.94052,-3.08363],[-59.94023,-3.08359],[-59.93999,-3.08365],[-59.93991,-3.08361],[-59.93941,-3.08296],[-59.9385,-3.0819],[-59.93694,-3.08028],[-59.93694,-3.0802],[-59.9363,-3.07948],[-59.93582,-3.07893],[-59.93584,-3.07893],[-59.9361,-3.0787],[-59.93634,-3.0784],[-59.93655,-3.07803],[-59.93677,-3.07744],[-59.93685,-3.07714],[-59.9369,-3.07697],[-59.93722,-3.07585],[-59.93765,-3.07432],[-59.93772,-3.07402],[-59.93782,-3.07369],[-59.93792,-3.07331],[-59.93803,-3.07297],[-59.93807,-3.07278],[-59.93816,-3.07247],[-59.93823,-3.07223],[-59.93838,-3.07187],[-59.93846,-3.07174],[-59.93871,-3.0714],[-59.93878,-3.07131],[-59.93917,-3.07095],[-59.9394,-3.07074],[-59.94,-3.07024],[-59.94002,-3.07023]]]}},{"type":"Feature","id":"Armando Mendes","properties":{"bairro":"Armando Mendes","zona":"Leste"},"geometry":{"type":"Polygon","coordinates":[[[-59.95051,-3.08609],[-59.95066,-3.08623],[-59.95063,-3.08623],[-59.94993,-3.0871],[-59.94966,-3.08747],[-59.94943,-3.08779],[-59.94911,-3.08837],[-59.94893,-3.08874],[-59.94878,-3.08929],[-59.94816,-3.09302],[-59.94805,-3.0937],[-59.94773,-3.09565],[-59.94739,-3.09753],[-59.94733,-3.09778],[-59.94732,-3.09782],[-59.94714,-3.09784],[-59.94699,-3.09791],[-59.94684,-3.09804],[-59.94677,-3.09817],[-59.94656,-3.0981],[-59.94617,-3.09801],[-59.94586,-3.09798],[-59.94559,-3.09801],[-59.94517,-3.09804],[-59.94476,-3.09811],[-59.94431,-3.09819],[-59.94424,-3.0982],[-59.94301,-3.09854],[-59.94147,-3.09915],[-59.94092,-3.09933],[-59.93994,-3.09943],[-59.93927,-3.09936],[-59.93856,-3.09912],[-59.93792,-3.09871],[-59.93734,-3.09816],[-59.93683,-3.09734],[-59.93667,-3.09688],[-59.93651,-3.09644],[-59.93614,-3.09512],[-59.93578,-3.0939],[-59.93546,-3.09314],[-59.93528,-3.09285],[-59.93477,-3.09203],[-59.93397,-3.09112],[-59.93299,-3.09031],[-59.93025,-3.08881],[-59.92984,-3.08859],[-59.92797,-3.08757],[-59.92794,-3.08755],[-59.92925,-3.08649],[-59.92964,-3.08584],[-59.92981,-3.08554],[-59.93021,-3.08485],[-59.93098,-3.08336],[-59.93224,-3.08129],[-59.93254,-3.08092],[-59.93385,-3.08014],[-59.93403,-3.08003],[-59.93428,-3.07987],[-59.93558,-3.07909],[-59.93581,-3.07894],[-59.93582,-3.07893],[-59.9363,-3.07948],[-59.93694,-3.0802],[-59.93694,-3.08028],[-59.9385,-3.0819],[-59.93941,-3.08296],[-59.93991,-3.08361],[-59.93999,-3.08365],[-59.94023,-3.08359],[-59.94052,-3.08363],[-59.94076,-3.08378],[-59.94115,-3.08404],[-59.94139,-3.08411],[-59.9415,-3.08415],[-59.94184,-3.08431],[-59.94207,-3.08438],[-59.94238,-3.08439],[-59.94244,-3.08423],[-59.94242,-3.08403],[-59.94244,-3.0839],[-59.94249,-3.08373],[-59.94252,-3.08359],[-59.9426,-3.08351],[-59.94269,-3.08341],[-59.94281,-3.08329],[-59.94293,-3.08314],[-59.94306,-3.08302],[-59.94315,-3.08293],[-59.9433,-3.08289],[-59.94354,-3.08285],[-59.94372,-3.08285],[-59.94393,-3.08299],[-59.94423,-3.08311],[-59.94455,-3.08327],[-59.94478,-3.08341],[-59.94496,-3.08347],[-59.94508,-3.08356],[-59.94523,-3.08371],[-59.94544,-3.08391],[-59.94557,-3.08405],[-59.94567,-3.08415],[-59.94571,-3.08422],[-59.94572,-3.08429],[-59.94568,-3.08447],[-59.94565,-3.08473],[-59.94569,-3.08493],[-59.94579,-3.08495],[-59.94591,-3.08496],[-59.94605,-3.08502],[-59.94609,-3.08526],[-59.9462,-3.0853],[-59.9463,-3.08532],[-59.94634,-3.08536],[-59.94653,-3.08541],[-59.94668,-3.08542],[-59.9468,-3.08539],[-59.94692,-3.08532],[-59.94719,-3.08531],[-59.94727,-3.08528],[-59.94735,-3.08524],[-59.94745,-3.08506],[-59.94752,-3.08503],[-59.94761,-3.085],[-59.94775,-3.08493],[-59.94797,-3.08484],[-59.94806,-3.08478],[-59.94817,-3.08472],[-59.94823,-3.08473],[-59.94839,-3.08481],[-59.94857,-3.08499],[-59.9486,-3.08502],[-59.94869,-3.08508],[-59.94883,-3.08513],[-59.94897,-3.08514],[-59.94917,-3.0852],[-59.94936,-3.08533],[-59.94961,-3.08553],[-59.94973,-3.08557],[-59.95021,-3.08561],[-59.95036,-3.08568],[-59.9505,-3.08578],[-59.95054,-3.08582],[-59.95053,-3.08589],[-59.95048,-3.08596],[-59.95047,-3.08602],[-59.95051,-3.08609]]]}},{"type":"Feature","id":"Mauazinho","properties":{"bairro":"Mauazinho","zona":"Leste"},"geometry":{"type":"Polygon","coordinates":[[[-59.91518,-3.09908],[-59.91534,-3.09916],[-59.91598,-3.0995],[-59.9162,-3.09955],[-59.91645,-3.09959],[-59.91667,-3.09981],[-59.91676,-3.10012],[-59.91707,-3.10036],[-59.91726,-3.10059],[-59.91731,-3.10092],[-59.9175,-3.10114],[-59.91783,-3.10111],[-59.91819,-3.10137],[-59.91842,-3.10175],[-59.91837,-3.10203],[-59.91808,-3.10238],[-59.91786,-3.10268],[-59.91784,-3.10296],[-59.91792,-3.10334],[-59.9178,-3.10373],[-59.91762,-3.10387],[-59.91748,-3.10406],[-59.91744,-3.10434],[-59.91752,-3.1046],[-59.91753,-3.10495],[-59.91754,-3.10521],[-59.91748,-3.10546],[-59.91745,-3.10574],[-59.91748,-3.10604],[-59.91754,-3.10633],[-59.91766,-3.10664],[-59.91827,-3.10719],[-59.91883,-3.10828],[-59.91969,-3.10943],[-59.92006,-3.10992],[-59.92044,-3.11009],[-59.92052,-3.11053],[-59.92085,-3.11106],[-59.92104,-3.11131],[-59.92169,-3.11148],[-59.92216,-3.11157],[-59.92293,-3.11193],[-59.92398,-3.11201],[-59.92486,-3.11234],[-59.92574,-3.11288],[-59.92622,-3.11318],[-59.92663,-3.11336],[-59.92702,-3.11365],[-59.92729,-3.11373],[-59.92775,-3.11391],[-59.92779,-3.11439],[-59.92788,-3.11479],[-59.92789,-3.11518],[-59.92789,-3.1158],[-59.92789,-3.11631],[-59.9276,-3.11681],[-59.92751,-3.11722],[-59.9275,-3.11794],[-59.92762,-3.11892],[-59.9277,-3.11968],[-59.92782,-3.12012],[-59.92812,-3.12067],[-59.92825,-3.12113],[-59.92824,-3.12151],[-59.92818,-3.12167],[-59.92784,-3.12239],[-59.929,-3.12314],[-59.9291,-3.12322],[-59.92962,-3.12316],[-59.92989,-3.12328],[-59.93012,-3.12332],[-59.93024,-3.12323],[-59.93051,-3.12321],[-59.93073,-3.1231],[-59.93088,-3.12311],[-59.93131,-3.12296],[-59.93144,-3.12286],[-59.93191,-3.12302],[-59.93211,-3.12314],[-59.93232,-3.12325],[-59.9325,-3.12323],[-59.93254,-3.12309],[-59.93248,-3.12279],[-59.93244,-3.12263],[-59.93243,-3.12223],[-59.93272,-3.12248],[-59.93274,-3.12227],[-59.93298,-3.12204],[-59.9334,-3.12202],[-59.9334,-3.12228],[-59.93349,-3.12253],[-59.93354,-3.12281],[-59.93345,-3.12309],[-59.93503,-3.1232],[-59.93346,-3.124],[-59.93354,-3.12488],[-59.93393,-3.12518],[-59.9345,-3.12564],[-59.93449,-3.12656],[-59.93483,-3.12703],[-59.93535,-3.12732],[-59.93582,-3.12767],[-59.93621,-3.12806],[-59.93665,-3.12846],[-59.93679,-3.12854],[-59.9369,-3.12871],[-59.9371,-3.12904],[-59.93737,-3.12947],[-59.93753,-3.12958],[-59.93766,-3.12967],[-59.93775,-3.1297],[-59.93784,-3.12966],[-59.93792,-3.12961],[-59.93794,-3.12954],[-59.938,-3.12944],[-59.93799,-3.12926],[-59.93788,-3.12881],[-59.9379,-3.1285],[-59.93793,-3.1283],[-59.93797,-3.12818],[-59.93809,-3.12815],[-59.93827,-3.12811],[-59.93839,-3.12813],[-59.93849,-3.12822],[-59.93858,-3.12848],[-59.93883,-3.12917],[-59.93887,-3.12942],[-59.93886,-3.12976],[-59.93878,-3.12985],[-59.93863,-3.12989],[-59.93859,-3.12996],[-59.93856,-3.1301],[-59.93857,-3.13023],[-59.93867,-3.13038],[-59.93879,-3.13056],[-59.9389,-3.13074],[-59.93919,-3.13094],[-59.93928,-3.13099],[-59.93942,-3.13104],[-59.93983,-3.13167],[-59.93993,-3.13185],[-59.94002,-3.13207],[-59.94015,-3.13226],[-59.94029,-3.13239],[-59.94029,-3.13249],[-59.94024,-3.13256],[-59.94014,-3.13257],[-59.94001,-3.13262],[-59.9399,-3.13264],[-59.93969,-3.13258],[-59.93961,-3.13248],[-59.93963,-3.13235],[-59.93954,-3.13228],[-59.93947,-3.13216],[-59.93949,-3.13204],[-59.93943,-3.13186],[-59.93905,-3.13161],[-59.93887,-3.1317],[-59.93829,-3.13203],[-59.93862,-3.13317],[-59.93854,-3.1332],[-59.93857,-3.13334],[-59.93876,-3.13481],[-59.93869,-3.1351],[-59.93872,-3.13527],[-59.93872,-3.13529],[-59.93892,-3.13516],[-59.93985,-3.13458],[-59.94034,-3.13423],[-59.94077,-3.13392],[-59.94706,-3.12981],[-59.94746,-3.12902],[-59.94843,-3.12736],[-59.94875,-3.12678],[-59.94881,-3.12656],[-59.94884,-3.12632],[-59.94888,-3.12486],[-59.94889,-3.12206],[-59.94893,-3.12187],[-59.94903,-3.12165],[-59.94913,-3.1215],[-59.94926,-3.12137],[-59.94959,-3.12122],[-59.94984,-3.12115],[-59.95018,-3.12113],[-59.95261,-3.12126],[-59.95263,-3.12115],[-59.95266,-3.12107],[-59.95274,-3.12097],[-59.95285,-3.12089],[-59.95289,-3.12088],[-59.95269,-3.12],[-59.95223,-3.11782],[-59.95206,-3.11713],[-59.95181,-3.11604],[-59.95176,-3.11584],[-59.95167,-3.11564],[-59.95154,-3.11547],[-59.95141,-3.11537],[-59.95102,-3.11518],[-59.95018,-3.11494],[-59.94948,-3.11475],[-59.94846,-3.11445],[-59.94842,-3.11444],[-59.94656,-3.1139],[-59.94564,-3.11364],[-59.94521,-3.11351],[-59.94502,-3.11346],[-59.94459,-3.11329],[-59.94397,-3.11268],[-59.94374,-3.11243],[-59.94352,-3.11214],[-59.94332,-3.11186],[-59.94314,-3.11154],[-59.9431,-3.11143],[-59.94298,-3.11118],[-59.9429,-3.11092],[-59.94274,-3.11039],[-59.9426,-3.10986],[-59.94245,-3.10932],[-59.94234,-3.10893],[-59.94223,-3.10876],[-59.94208,-3.1086],[-59.94184,-3.1085],[-59.94145,-3.10841],[-59.94141,-3.10819],[-59.94145,-3.10758],[-59.94115,-3.10641],[-59.94113,-3.10623],[-59.9385,-3.10659],[-59.93831,-3.10652],[-59.93708,-3.10538],[-59.93601,-3.10468],[-59.93616,-3.10303],[-59.93545,-3.10218],[-59.93341,-3.10091],[-59.93325,-3.10028],[-59.93301,-3.09953],[-59.93223,-3.09921],[-59.93033,-3.09936],[-59.92987,-3.09903],[-59.92899,-3.09747],[-59.92812,-3.09697],[-59.92617,-3.0968],[-59.9246,-3.09669],[-59.9242,-3.09657],[-59.92412,-3.09679],[-59.92393,-3.09707],[-59.92187,-3.09841],[-59.92158,-3.09851],[-59.92142,-3.09853],[-59.92098,-3.09843],[-59.92052,-3.09831],[-59.91884,-3.09797],[-59.9184,-3.09797],[-59.9179,-3.09804],[-59.91758,-3.09812],[-59.91571,-3.09863],[-59.91546,-3.09879],[-59.9153,-3.09896],[-59.91518,-3.09908]]]}},{"type":"Feature","id":"Gilberto Mestrinho","properties":{"bairro":"Gilberto Mestrinho","zona":"Leste"},"geometry":{"type":"Polygon","coordinates":[[[-59.91487,-3.08105],[-59.9167,-3.08272],[-59.92077,-3.08534],[-59.92144,-3.08573],[-59.92167,-3.08586],[-59.92261,-3.08626],[-59.92361,-3.08654],[-59.92494,-3.08666],[-59.92547,-3.0867],[-59.92627,-3.08687],[-59.92724,-3.0872],[-59.92784,-3.08748],[-59.92794,-3.08755],[-59.92925,-3.08649],[-59.92964,-3.08584],[-59.92981,-3.08554],[-59.93021,-3.08485],[-59.93098,-3.08336],[-59.93224,-3.08129],[-59.93254,-3.08092],[-59.93385,-3.08014],[-59.93403,-3.08003],[-59.93428,-3.07987],[-59.93558,-3.07909],[-59.93581,-3.07894],[-59.93582,-3.07893],[-59.93584,-3.07893],[-59.9361,-3.0787],[-59.93634,-3.0784],[-59.93655,-3.07803],[-59.93677,-3.07744],[-59.93685,-3.07714],[-59.9369,-3.07697],[-59.93722,-3.07585],[-59.93765,-3.07432],[-59.93772,-3.07402],[-59.93782,-3.07369],[-59.93792,-3.07331],[-59.93803,-3.07297],[-59.93807,-3.07278],[-59.93816,-3.07247],[-59.93823,-3.07223],[-59.93838,-3.07187],[-59.93846,-3.07174],[-59.93871,-3.0714],[-59.93878,-3.07131],[-59.93917,-3.07095],[-59.9394,-3.07074],[-59.94,-3.07024],[-59.94002,-3.07023],[-59.93999,-3.07015],[-59.93995,-3.07009],[-59.9392,-3.07031],[-59.93903,-3.068],[-59.93901,-3.06613],[-59.93874,-3.06601],[-59.93739,-3.06464],[-59.93699,-3.06433],[-59.93702,-3.06428],[-59.93701,-3.06423],[-59.93686,-3.06432],[-59.9349,-3.06418],[-59.93461,-3.06432],[-59.93362,-3.06503],[-59.93353,-3.06507],[-59.93351,-3.06503],[-59.93339,-3.06477],[-59.93328,-3.06464],[-59.9329,-3.06402],[-59.93263,-3.0636],[-59.93234,-3.06314],[-59.93216,-3.06286],[-59.93185,-3.06229],[-59.93163,-3.06187],[-59.93191,-3.06174],[-59.93202,-3.06147],[-59.93216,-3.06108],[-59.9322,-3.06099],[-59.93222,-3.06073],[-59.93238,-3.06033],[-59.93284,-3.06023],[-59.93284,-3.06022],[-59.93285,-3.06004],[-59.93299,-3.05952],[-59.93307,-3.05857],[-59.93305,-3.05815],[-59.93303,-3.05777],[-59.93296,-3.05778],[-59.9329,-3.05766],[-59.93262,-3.05715],[-59.93225,-3.05645],[-59.93203,-3.05604],[-59.93195,-3.05591],[-59.93109,-3.05446],[-59.9291,-3.05509],[-59.92896,-3.05513],[-59.92872,-3.05523],[-59.92831,-3.0554],[-59.92795,-3.05552],[-59.92765,-3.05554],[-59.92733,-3.05546],[-59.92706,-3.05545],[-59.92658,-3.05558],[-59.92604,-3.05576],[-59.92554,-3.05578],[-59.92326,-3.0555],[-59.9221,-3.05536],[-59.92179,-3.05532],[-59.9217,-3.05532],[-59.92158,-3.05531],[-59.92142,-3.05533],[-59.92119,-3.05542],[-59.92059,-3.05592],[-59.92054,-3.05606],[-59.92055,-3.05615],[-59.92106,-3.05683],[-59.92113,-3.05699],[-59.92114,-3.05722],[-59.92109,-3.05745],[-59.92088,-3.05784],[-59.92083,-3.05794],[-59.92018,-3.05856],[-59.91978,-3.0588],[-59.91921,-3.05914],[-59.91848,-3.05937],[-59.91831,-3.05943],[-59.91819,-3.05943],[-59.91728,-3.05948],[-59.91681,-3.05937],[-59.91607,-3.05921],[-59.91509,-3.05887],[-59.91504,-3.05901],[-59.91501,-3.05917],[-59.91498,-3.05954],[-59.91499,-3.0596],[-59.915,-3.05986],[-59.91504,-3.06017],[-59.91509,-3.0604],[-59.91521,-3.06075],[-59.91556,-3.06176],[-59.91592,-3.06279],[-59.91625,-3.06409],[-59.91632,-3.06447],[-59.9163,-3.06518],[-59.91623,-3.06547],[-59.91615,-3.06585],[-59.91514,-3.06809],[-59.91468,-3.06929],[-59.91444,-3.07023],[-59.91437,-3.07227],[-59.91431,-3.07284],[-59.91427,-3.07317],[-59.91412,-3.07447],[-59.91411,-3.07463],[-59.9141,-3.07496],[-59.91412,-3.07517],[-59.91413,-3.07544],[-59.91418,-3.07566],[-59.91425,-3.07593],[-59.91433,-3.07616],[-59.91574,-3.07906],[-59.9158,-3.07925],[-59.91582,-3.07945],[-59.9158,-3.07969],[-59.91573,-3.07992],[-59.91562,-3.08016],[-59.91487,-3.08105]]]}},{"type":"Feature","id":"São Lázaro","properties":{"bairro":"São Lázaro","zona":"Sul"},"geometry":{"type":"Polygon","coordinates":[[[-59.99839,-3.13968],[-59.99852,-3.13881],[-59.99853,-3.13876],[-59.99851,-3.13874],[-59.9985,-3.13873],[-59.99814,-3.13856],[-59.99796,-3.13854],[-59.99768,-3.13852],[-59.99738,-3.13862],[-59.99713,-3.1387],[-59.99674,-3.13871],[-59.99612,-3.1386],[-59.99624,-3.13733],[-59.9964,-3.13705],[-59.99639,-3.13702],[-59.9957,-3.13692],[-59.99541,-3.13685],[-59.99506,-3.13663],[-59.99489,-3.13649],[-59.99455,-3.13622],[-59.99443,-3.13639],[-59.99423,-3.13578],[-59.99304,-3.13578],[-59.99246,-3.13579],[-59.99247,-3.13581],[-59.99247,-3.13588],[-59.99246,-3.13631],[-59.99211,-3.1363],[-59.99155,-3.13625],[-59.99151,-3.13635],[-59.99132,-3.13656],[-59.99117,-3.13663],[-59.99105,-3.13675],[-59.99102,-3.13678],[-59.99096,-3.13689],[-59.99086,-3.13697],[-59.99072,-3.13703],[-59.99032,-3.13729],[-59.98982,-3.13828],[-59.98976,-3.13839],[-59.98973,-3.13849],[-59.98968,-3.13867],[-59.98958,-3.13875],[-59.98955,-3.13877],[-59.98985,-3.13954],[-59.98989,-3.13963],[-59.98991,-3.13968],[-59.99219,-3.14469],[-59.99239,-3.14496],[-59.9927,-3.1452],[-59.99385,-3.1455],[-59.99464,-3.1458],[-59.99532,-3.14597],[-59.99572,-3.14607],[-59.99621,-3.14615],[-59.99695,-3.14622],[-59.99766,-3.14624],[-59.99786,-3.14621],[-59.99824,-3.14616],[-59.99874,-3.14605],[-59.99934,-3.1459],[-59.99961,-3.1458],[-59.99838,-3.14399],[-59.99789,-3.14329],[-59.99775,-3.14288],[-59.99776,-3.14269],[-59.99777,-3.14228],[-59.9979,-3.14195],[-59.99796,-3.14125],[-59.99798,-3.14123],[-59.99849,-3.14115],[-59.99853,-3.14072],[-59.99852,-3.14015],[-59.99858,-3.13979],[-59.9986,-3.13975],[-59.99839,-3.1397],[-59.99839,-3.13968]]]}},{"type":"Feature","id":"Santa Luzia","properties":{"bairro":"Santa Luzia","zona":"Sul"},"geometry":{"type":"Polygon","coordinates":[[[-60.00816,-3.13639],[-60.00796,-3.13646],[-60.00743,-3.13662],[-60.00699,-3.13667],[-60.00655,-3.13665],[-60.00629,-3.1366],[-60.00603,-3.13709],[-60.00572,-3.13762],[-60.00568,-3.13768],[-60.00549,-3.13799],[-60.00541,-3.1381],[-60.00513,-3.13847],[-60.0049,-3.13875],[-60.00486,-3.1388],[-60.00468,-3.13893],[-60.00457,-3.139],[-60.00422,-3.13919],[-60.00399,-3.13931],[-60.00394,-3.13934],[-60.00304,-3.13958],[-60.0028,-3.13963],[-60.00268,-3.13965],[-60.00239,-3.13971],[-60.00217,-3.13976],[-60.00198,-3.13983],[-60.00183,-3.13992],[-60.00173,-3.14008],[-60.0017,-3.14026],[-60.0017,-3.14036],[-60.0017,-3.14082],[-60.00164,-3.14094],[-60.00187,-3.14117],[-60.00204,-3.1413],[-60.00241,-3.14159],[-60.00264,-3.14181],[-60.00365,-3.1427],[-60.00378,-3.14282],[-60.00383,-3.14287],[-60.00418,-3.14262],[-60.00483,-3.14214],[-60.00487,-3.14213],[-60.0056,-3.14185],[-60.00587,-3.14175],[-60.0064,-3.1414],[-60.007,-3.14098],[-60.00726,-3.1408],[-60.00743,-3.14074],[-60.0076,-3.14068],[-60.00811,-3.14062],[-60.00823,-3.14061],[-60.00822,-3.14029],[-60.0082,-3.13971],[-60.00819,-3.13916],[-60.00819,-3.13856],[-60.00819,-3.13814],[-60.00819,-3.13787],[-60.00818,-3.13769],[-60.00818,-3.13719],[-60.00816,-3.13664],[-60.00816,-3.13639]]]}},{"type":"Feature","id":"Morro da Liberdade","properties":{"bairro":"Morro da Liberdade","zona":"Sul"},"geometry":{"type":"Polygon","coordinates":[[[-60.00164,-3.14094],[-60.0017,-3.14082],[-60.0017,-3.14036],[-60.0017,-3.14026],[-60.00173,-3.14008],[-60.00183,-3.13992],[-60.00198,-3.13983],[-60.00217,-3.13976],[-60.00239,-3.13971],[-60.00268,-3.13965],[-60.0028,-3.13963],[-60.00304,-3.13958],[-60.00394,-3.13934],[-60.00399,-3.13931],[-60.00422,-3.13919],[-60.00457,-3.139],[-60.00468,-3.13893],[-60.00486,-3.1388],[-60.0049,-3.13875],[-60.00513,-3.13847],[-60.00541,-3.1381],[-60.00549,-3.13799],[-60.00568,-3.13768],[-60.00572,-3.13762],[-60.00603,-3.13709],[-60.00629,-3.1366],[-60.006,-3.13645],[-60.00557,-3.13624],[-60.0046,-3.13568],[-60.00408,-3.13522],[-60.00321,-3.13433],[-60.00279,-3.13399],[-60.0024,-3.13374],[-60.00212,-3.13359],[-60.00171,-3.13341],[-60.00139,-3.13319],[-60.00095,-3.133],[-60.00075,-3.13287],[-60.00056,-3.1328],[-60.0005,-3.13293],[-60.00042,-3.13308],[-60.00031,-3.13333],[-60.0002,-3.13353],[-60.00008,-3.13378],[-59.99992,-3.13408],[-59.99978,-3.13436],[-59.99968,-3.13451],[-59.99964,-3.13457],[-59.99951,-3.13469],[-59.99934,-3.13479],[-59.99925,-3.13496],[-59.99915,-3.13504],[-59.99912,-3.13512],[-59.99906,-3.13516],[-59.999,-3.13521],[-59.99885,-3.13535],[-59.99884,-3.13548],[-59.99891,-3.13566],[-59.99893,-3.13583],[-59.99886,-3.136],[-59.99879,-3.13621],[-59.99876,-3.13637],[-59.99865,-3.13664],[-59.99863,-3.13682],[-59.99856,-3.1378],[-59.9985,-3.13795],[-59.9985,-3.13811],[-59.99853,-3.13876],[-59.99852,-3.13881],[-59.99839,-3.13968],[-59.99839,-3.1397],[-59.9986,-3.13975],[-59.99858,-3.13979],[-59.99852,-3.14015],[-59.99853,-3.14072],[-59.99849,-3.14115],[-59.99798,-3.14123],[-59.99796,-3.14125],[-59.9979,-3.14195],[-59.99777,-3.14228],[-59.99776,-3.14269],[-59.99775,-3.14288],[-59.99789,-3.14329],[-59.99838,-3.14399],[-59.99961,-3.1458],[-59.99989,-3.14567],[-60.00052,-3.1453],[-60.00197,-3.14424],[-60.00225,-3.14403],[-60.0037,-3.14295],[-60.00382,-3.14287],[-60.00383,-3.14287],[-60.00378,-3.14282],[-60.00365,-3.1427],[-60.00264,-3.14181],[-60.00241,-3.14159],[-60.00204,-3.1413],[-60.00187,-3.14117],[-60.00164,-3.14094]]]}},{"type":"Feature","id":"Betânia","properties":{"bairro":"Betânia","zona":"Sul"},"geometry":{"type":"Polygon","coordinates":[[[-59.99203,-3.13292],[-59.99226,-3.13264],[-59.99248,-3.13248],[-59.99272,-3.13232],[-59.99294,-3.13201],[-59.99308,-3.13182],[-59.99316,-3.13168],[-59.9932,-3.13152],[-59.99335,-3.13135],[-59.9935,-3.13117],[-59.9936,-3.13105],[-59.99371,-3.13089],[-59.99424,-3.13058],[-59.9945,-3.13045],[-59.99466,-3.13038],[-59.99483,-3.13026],[-59.99493,-3.1302],[-59.99505,-3.13012],[-59.9952,-3.13019],[-59.99531,-3.13025],[-59.9956,-3.13039],[-59.99582,-3.13048],[-59.99605,-3.1306],[-59.99654,-3.1308],[-59.99663,-3.13086],[-59.99688,-3.13098],[-59.9973,-3.13117],[-59.99784,-3.13141],[-59.99804,-3.13151],[-59.9984,-3.13167],[-59.99856,-3.13174],[-59.99876,-3.13185],[-59.99901,-3.13194],[-59.99926,-3.13207],[-59.99977,-3.13232],[-60.00002,-3.13247],[-60.00015,-3.1326],[-60.00056,-3.1328],[-60.0005,-3.13293],[-60.00042,-3.13308],[-60.00031,-3.13333],[-60.0002,-3.13353],[-60.00008,-3.13378],[-59.99992,-3.13408],[-59.99978,-3.13436],[-59.99968,-3.13451],[-59.99964,-3.13457],[-59.99951,-3.13469],[-59.99934,-3.13479],[-59.99925,-3.13496],[-59.99915,-3.13504],[-59.99912,-3.13512],[-59.99906,-3.13516],[-59.999,-3.13521],[-59.99885,-3.13535],[-59.99884,-3.13548],[-59.99891,-3.13566],[-59.99893,-3.13583],[-59.99886,-3.136],[-59.99879,-3.13621],[-59.99876,-3.13637],[-59.99865,-3.13664],[-59.99863,-3.13682],[-59.99856,-3.1378],[-59.9985,-3.13795],[-59.9985,-3.13811],[-59.99853,-3.13876],[-59.99851,-3.13874],[-59.9985,-3.13873],[-59.99814,-3.13856],[-59.99796,-3.13854],[-59.99768,-3.13852],[-59.99738,-3.13862],[-59.99713,-3.1387],[-59.99674,-3.13871],[-59.99612,-3.1386],[-59.99624,-3.13733],[-59.9964,-3.13705],[-59.99639,-3.13702],[-59.9957,-3.13692],[-59.99541,-3.13685],[-59.99506,-3.13663],[-59.99489,-3.13649],[-59.99455,-3.13622],[-59.99443,-3.13639],[-59.99423,-3.13578],[-59.99304,-3.13578],[-59.99246,-3.13579],[-59.99245,-3.13539],[-59.99232,-3.13395],[-59.99217,-3.13382],[-59.99249,-3.13339],[-59.99203,-3.133],[-59.99203,-3.13292]]]}},{"type":"Feature","id":"Ponta Negra","properties":{"bairro":"Ponta Negra","zona":"Oeste"},"geometry":{"type":"Polygon","coordinates":[[[-60.07477,-3.09796],[-60.07225,-3.09698],[-60.07119,-3.09659],[-60.07093,-3.09616],[-60.07072,-3.09586],[-60.0704,-3.0956],[-60.06937,-3.0928],[-60.06935,-3.09197],[-60.06946,-3.09115],[-60.06971,-3.09062],[-60.0699,-3.09019],[-60.07002,-3.08993],[-60.0702,-3.08884],[-60.07023,-3.08843],[-60.07024,-3.08595],[-60.0709,-3.08602],[-60.07131,-3.08606],[-60.07166,-3.08605],[-60.07206,-3.08597],[-60.07234,-3.08587],[-60.07264,-3.08577],[-60.07298,-3.08557],[-60.07327,-3.08533],[-60.0736,-3.08502],[-60.07375,-3.08485],[-60.07398,-3.08457],[-60.0743,-3.08406],[-60.07487,-3.08319],[-60.0754,-3.08221],[-60.07577,-3.08165],[-60.0761,-3.08116],[-60.07647,-3.08055],[-60.07682,-3.08],[-60.07717,-3.0794],[-60.07753,-3.07884],[-60.07808,-3.07789],[-60.07831,-3.07756],[-60.07859,-3.0772],[-60.07882,-3.07698],[-60.07886,-3.07695],[-60.07925,-3.07664],[-60.07967,-3.0764],[-60.08007,-3.07625],[-60.08045,-3.07617],[-60.0808,-3.07615],[-60.08103,-3.07616],[-60.08119,-3.07616],[-60.08147,-3.07619],[-60.08184,-3.07629],[-60.08233,-3.07644],[-60.08279,-3.07657],[-60.08317,-3.07671],[-60.08384,-3.07695],[-60.08424,-3.07705],[-60.08469,-3.07705],[-60.08477,-3.07705],[-60.08511,-3.07697],[-60.08493,-3.07391],[-60.0849,-3.07352],[-60.08487,-3.07289],[-60.08484,-3.07232],[-60.08479,-3.0713],[-60.08469,-3.06956],[-60.08467,-3.06917],[-60.08466,-3.06891],[-60.08459,-3.06782],[-60.08444,-3.06497],[-60.08399,-3.05708],[-60.08403,-3.05703],[-60.08303,-3.0563],[-60.08134,-3.05525],[-60.08089,-3.05437],[-60.08076,-3.05407],[-60.08049,-3.05353],[-60.08022,-3.05324],[-60.07823,-3.05153],[-60.07655,-3.04943],[-60.07502,-3.04753],[-60.07477,-3.04713],[-60.07466,-3.0468],[-60.07426,-3.04557],[-60.07411,-3.04513],[-60.074,-3.04488],[-60.07395,-3.04476],[-60.07385,-3.0446],[-60.0737,-3.04432],[-60.07343,-3.044],[-60.07305,-3.04354],[-60.06885,-3.03854],[-60.06855,-3.03817],[-60.06836,-3.0378],[-60.06824,-3.03753],[-60.0682,-3.03733],[-60.06818,-3.03717],[-60.06817,-3.0367],[-60.06845,-3.03524],[-60.06845,-3.03386],[-60.06836,-3.03352],[-60.06889,-3.03331],[-60.06956,-3.03304],[-60.06995,-3.03297],[-60.07027,-3.03295],[-60.07084,-3.03304],[-60.07098,-3.03308],[-60.0711,-3.03313],[-60.07125,-3.0332],[-60.07148,-3.03332],[-60.07155,-3.03337],[-60.07164,-3.03337],[-60.07174,-3.03338],[-60.07186,-3.03338],[-60.07214,-3.03335],[-60.07241,-3.03329],[-60.0726,-3.03327],[-60.07301,-3.0333],[-60.07317,-3.03331],[-60.07327,-3.03328],[-60.07334,-3.03323],[-60.07347,-3.03311],[-60.07371,-3.03284],[-60.07397,-3.03264],[-60.07407,-3.03259],[-60.07454,-3.03233],[-60.07497,-3.03214],[-60.07523,-3.03204],[-60.07566,-3.03195],[-60.07573,-3.03193],[-60.07589,-3.03194],[-60.07606,-3.03198],[-60.07623,-3.03205],[-60.07647,-3.03081],[-60.07712,-3.02967],[-60.0777,-3.02826],[-60.0789,-3.0247],[-60.07944,-3.02343],[-60.07931,-3.02288],[-60.07941,-3.02244],[-60.08001,-3.02063],[-60.08027,-3.01946],[-60.08062,-3.01813],[-60.08068,-3.01731],[-60.08092,-3.01626],[-60.08092,-3.01515],[-60.08108,-3.01398],[-60.08113,-3.01379],[-60.08102,-3.01292],[-60.08087,-3.01274],[-60.08079,-3.01246],[-60.08187,-3.01119],[-60.08237,-3.00971],[-60.08271,-3.00908],[-60.08275,-3.00896],[-60.08304,-3.00797],[-60.08269,-3.00705],[-60.0831,-3.00617],[-60.08358,-3.00567],[-60.08484,-3.00487],[-60.0876,-3.00442],[-60.08988,-3.00381],[-60.10063,-3.00452],[-60.09768,-3.01539],[-60.09717,-3.01761],[-60.10142,-3.02186],[-60.10386,-3.02734],[-60.1057,-3.03363],[-60.10734,-3.03771],[-60.10953,-3.03973],[-60.11576,-3.04726],[-60.1143,-3.04923],[-60.1144,-3.0494],[-60.11445,-3.04955],[-60.11445,-3.04975],[-60.11453,-3.0499],[-60.11462,-3.05004],[-60.11469,-3.0502],[-60.11471,-3.05035],[-60.1147,-3.0505],[-60.1147,-3.05068],[-60.11468,-3.05085],[-60.11464,-3.05096],[-60.11467,-3.05106],[-60.11469,-3.0512],[-60.11469,-3.05138],[-60.11472,-3.05151],[-60.11484,-3.05157],[-60.11497,-3.05163],[-60.11507,-3.05162],[-60.11517,-3.05173],[-60.11523,-3.05211],[-60.11546,-3.0527],[-60.11553,-3.05316],[-60.1155,-3.05349],[-60.11555,-3.0536],[-60.11551,-3.05374],[-60.11539,-3.05379],[-60.11523,-3.05386],[-60.11506,-3.0537],[-60.11503,-3.05345],[-60.11493,-3.05327],[-60.11489,-3.05313],[-60.11472,-3.05299],[-60.1146,-3.05294],[-60.11443,-3.05306],[-60.11426,-3.05312],[-60.1142,-3.05321],[-60.11407,-3.05322],[-60.11395,-3.05323],[-60.11386,-3.05308],[-60.11382,-3.05294],[-60.11369,-3.05292],[-60.11349,-3.05311],[-60.11327,-3.05332],[-60.11293,-3.05372],[-60.11318,-3.05421],[-60.11324,-3.05435],[-60.11333,-3.05437],[-60.11344,-3.05455],[-60.11369,-3.05487],[-60.11385,-3.05503],[-60.11391,-3.05512],[-60.11387,-3.05524],[-60.11378,-3.05544],[-60.11367,-3.05569],[-60.11349,-3.0557],[-60.11352,-3.0557],[-60.11337,-3.05577],[-60.11322,-3.05585],[-60.1131,-3.05594],[-60.11299,-3.05607],[-60.11305,-3.05622],[-60.11312,-3.05632],[-60.1132,-3.05651],[-60.11325,-3.05671],[-60.11332,-3.05683],[-60.11337,-3.05693],[-60.11336,-3.05706],[-60.11337,-3.05724],[-60.11333,-3.05748],[-60.11324,-3.05758],[-60.11321,-3.05764],[-60.11321,-3.05771],[-60.11312,-3.0577],[-60.11306,-3.05774],[-60.11301,-3.05776],[-60.11286,-3.05779],[-60.11282,-3.05774],[-60.11254,-3.05781],[-60.11246,-3.05774],[-60.11235,-3.0578],[-60.1122,-3.05788],[-60.11214,-3.05793],[-60.11205,-3.05799],[-60.11201,-3.05794],[-60.11193,-3.05792],[-60.11185,-3.05797],[-60.11176,-3.05801],[-60.11167,-3.05808],[-60.1112,-3.05866],[-60.11091,-3.05916],[-60.1108,-3.05945],[-60.1107,-3.0599],[-60.11061,-3.06047],[-60.11051,-3.06097],[-60.11051,-3.06126],[-60.11045,-3.06145],[-60.11031,-3.06163],[-60.11013,-3.06159],[-60.11002,-3.06145],[-60.10961,-3.06182],[-60.10975,-3.0621],[-60.1098,-3.06226],[-60.10975,-3.06245],[-60.10919,-3.06338],[-60.10897,-3.0637],[-60.10883,-3.06376],[-60.10865,-3.06376],[-60.10851,-3.06372],[-60.10838,-3.06372],[-60.10823,-3.06383],[-60.10814,-3.06412],[-60.10813,-3.06424],[-60.10804,-3.06431],[-60.10797,-3.06428],[-60.10789,-3.06441],[-60.10793,-3.06456],[-60.10778,-3.06466],[-60.10705,-3.06466],[-60.10683,-3.06464],[-60.10664,-3.06471],[-60.10616,-3.06472],[-60.10583,-3.06472],[-60.10544,-3.06467],[-60.10492,-3.06461],[-60.10452,-3.06461],[-60.10386,-3.06473],[-60.10303,-3.06493],[-60.10231,-3.06515],[-60.10183,-3.06525],[-60.10147,-3.06541],[-60.10104,-3.06569],[-60.10071,-3.06582],[-60.10029,-3.06597],[-60.10005,-3.06598],[-60.09966,-3.06595],[-60.0993,-3.06603],[-60.09915,-3.06614],[-60.09913,-3.06625],[-60.09889,-3.06659],[-60.09853,-3.06676],[-60.09821,-3.06713],[-60.09784,-3.06729],[-60.09752,-3.06742],[-60.09735,-3.06754],[-60.09719,-3.06759],[-60.09716,-3.06764],[-60.09707,-3.06775],[-60.09677,-3.06788],[-60.09665,-3.06796],[-60.09657,-3.06809],[-60.09653,-3.06815],[-60.09628,-3.06838],[-60.09601,-3.06868],[-60.09553,-3.06924],[-60.09519,-3.06937],[-60.09513,-3.06938],[-60.09488,-3.06942],[-60.09462,-3.06947],[-60.09439,-3.06969],[-60.09421,-3.06989],[-60.09408,-3.07011],[-60.0941,-3.07023],[-60.09402,-3.07041],[-60.09392,-3.07079],[-60.09384,-3.0711],[-60.09353,-3.07127],[-60.09321,-3.07176],[-60.09307,-3.07179],[-60.09273,-3.07198],[-60.09259,-3.07209],[-60.09205,-3.07248],[-60.09181,-3.07259],[-60.0906,-3.07335],[-60.09032,-3.07421],[-60.09018,-3.07451],[-60.08956,-3.07514],[-60.08942,-3.07554],[-60.08926,-3.07569],[-60.08927,-3.07586],[-60.0892,-3.07614],[-60.08904,-3.07631],[-60.08891,-3.07639],[-60.0888,-3.07655],[-60.08871,-3.07698],[-60.08888,-3.07748],[-60.08903,-3.07785],[-60.08916,-3.07822],[-60.0893,-3.07834],[-60.08944,-3.07843],[-60.08957,-3.07853],[-60.08966,-3.07861],[-60.08971,-3.07868],[-60.08974,-3.07893],[-60.08963,-3.07896],[-60.08954,-3.07907],[-60.08955,-3.08013],[-60.08972,-3.08092],[-60.08973,-3.08107],[-60.08973,-3.08118],[-60.08969,-3.08125],[-60.08955,-3.08125],[-60.08936,-3.08123],[-60.0892,-3.08118],[-60.08892,-3.0811],[-60.08865,-3.08102],[-60.08852,-3.08164],[-60.08823,-3.08195],[-60.08797,-3.0821],[-60.08767,-3.08214],[-60.08748,-3.08216],[-60.08739,-3.08216],[-60.08691,-3.08227],[-60.08663,-3.08248],[-60.08639,-3.08279],[-60.08626,-3.08283],[-60.08598,-3.08282],[-60.08577,-3.08284],[-60.08567,-3.08284],[-60.08548,-3.08285],[-60.08541,-3.08283],[-60.08535,-3.08267],[-60.08488,-3.08271],[-60.08452,-3.08302],[-60.08433,-3.08301],[-60.08418,-3.08296],[-60.08402,-3.08289],[-60.0839,-3.08292],[-60.08361,-3.08384],[-60.08343,-3.08405],[-60.08309,-3.0842],[-60.08267,-3.08439],[-60.08244,-3.08451],[-60.08224,-3.08458],[-60.08207,-3.08468],[-60.08196,-3.08476],[-60.08191,-3.08487],[-60.08184,-3.08497],[-60.08168,-3.08508],[-60.08151,-3.08522],[-60.08146,-3.08533],[-60.0814,-3.08544],[-60.08136,-3.08554],[-60.08134,-3.08561],[-60.08127,-3.08565],[-60.08117,-3.08574],[-60.08104,-3.08586],[-60.08087,-3.08595],[-60.08062,-3.08609],[-60.08047,-3.08615],[-60.08021,-3.08637],[-60.08,-3.08653],[-60.07985,-3.08665],[-60.07968,-3.08684],[-60.07942,-3.08719],[-60.07931,-3.08742],[-60.07908,-3.08778],[-60.07916,-3.08812],[-60.07919,-3.08856],[-60.07911,-3.08941],[-60.07889,-3.09069],[-60.07874,-3.09132],[-60.0787,-3.09221],[-60.07848,-3.09239],[-60.07817,-3.09248],[-60.07818,-3.0927],[-60.078,-3.09286],[-60.07786,-3.0932],[-60.07773,-3.09338],[-60.07746,-3.09339],[-60.07726,-3.09333],[-60.07712,-3.09359],[-60.07728,-3.0938],[-60.07725,-3.09393],[-60.07705,-3.094],[-60.07686,-3.09423],[-60.07641,-3.09481],[-60.07586,-3.09547],[-60.07617,-3.09576],[-60.07536,-3.09677],[-60.07509,-3.09694],[-60.07479,-3.09745],[-60.07478,-3.09795],[-60.07477,-3.09796]]]}},{"type":"Feature","id":"Presidente Vargas","properties":{"bairro":"Presidente Vargas","zona":"Sul"},"geometry":{"type":"Polygon","coordinates":[[[-60.03355,-3.1156],[-60.03361,-3.11592],[-60.03363,-3.11618],[-60.03367,-3.1167],[-60.0337,-3.11762],[-60.03365,-3.11849],[-60.03351,-3.11954],[-60.03333,-3.11994],[-60.03273,-3.12069],[-60.03207,-3.12128],[-60.03194,-3.12203],[-60.03234,-3.1234],[-60.03149,-3.1235],[-60.03126,-3.12355],[-60.03096,-3.12365],[-60.03057,-3.12358],[-60.03027,-3.12331],[-60.03,-3.1231],[-60.02981,-3.12274],[-60.02956,-3.12262],[-60.02908,-3.12264],[-60.02802,-3.12199],[-60.02778,-3.12182],[-60.02639,-3.12147],[-60.02623,-3.12146],[-60.02606,-3.12141],[-60.02596,-3.12135],[-60.02547,-3.1213],[-60.02542,-3.12102],[-60.02545,-3.12085],[-60.02505,-3.12078],[-60.02461,-3.12065],[-60.02457,-3.12049],[-60.02434,-3.11992],[-60.02433,-3.11972],[-60.02436,-3.11952],[-60.02433,-3.11939],[-60.02427,-3.11934],[-60.02428,-3.11915],[-60.0243,-3.11888],[-60.0243,-3.11865],[-60.02418,-3.11844],[-60.02414,-3.11823],[-60.02405,-3.11811],[-60.02412,-3.11794],[-60.0242,-3.11781],[-60.0242,-3.11774],[-60.02423,-3.11597],[-60.02487,-3.11598],[-60.02712,-3.11605],[-60.02737,-3.11606],[-60.03121,-3.11532],[-60.03172,-3.11522],[-60.03327,-3.115],[-60.03337,-3.11519],[-60.03355,-3.1156]]]}},{"type":"Feature","id":"Chapada","properties":{"bairro":"Chapada","zona":"Centro-Sul"},"geometry":{"type":"Polygon","coordinates":[[[-60.03019,-3.09071],[-60.03056,-3.09059],[-60.03084,-3.09036],[-60.03106,-3.09027],[-60.03129,-3.09029],[-60.03151,-3.0904],[-60.03206,-3.09053],[-60.03275,-3.09055],[-60.03343,-3.09055],[-60.03384,-3.09051],[-60.03413,-3.09022],[-60.03446,-3.08998],[-60.03467,-3.08983],[-60.03483,-3.08976],[-60.03497,-3.0897],[-60.03514,-3.08967],[-60.03543,-3.08962],[-60.03569,-3.08962],[-60.0358,-3.08949],[-60.03583,-3.08938],[-60.03585,-3.0893],[-60.03606,-3.08916],[-60.03648,-3.08895],[-60.03689,-3.08884],[-60.03725,-3.08885],[-60.03751,-3.08901],[-60.03784,-3.0889],[-60.03816,-3.08892],[-60.03865,-3.08886],[-60.03897,-3.08904],[-60.0391,-3.08911],[-60.03875,-3.08981],[-60.03835,-3.09056],[-60.03799,-3.09095],[-60.03757,-3.09127],[-60.03737,-3.09145],[-60.03733,-3.09155],[-60.03733,-3.09161],[-60.03733,-3.09171],[-60.03736,-3.09183],[-60.03747,-3.09202],[-60.03767,-3.09218],[-60.03912,-3.09298],[-60.04069,-3.09383],[-60.04214,-3.09458],[-60.04254,-3.09494],[-60.04259,-3.09502],[-60.04262,-3.09515],[-60.04273,-3.09555],[-60.04283,-3.09598],[-60.04286,-3.09609],[-60.04273,-3.09611],[-60.04253,-3.09618],[-60.04238,-3.09625],[-60.04228,-3.0963],[-60.04217,-3.09638],[-60.04189,-3.0966],[-60.03909,-3.09776],[-60.03834,-3.09799],[-60.03772,-3.09838],[-60.03695,-3.09888],[-60.03539,-3.1001],[-60.03493,-3.10082],[-60.03162,-3.10083],[-60.031,-3.10088],[-60.03043,-3.10108],[-60.03015,-3.10154],[-60.02991,-3.10243],[-60.0298,-3.10264],[-60.02948,-3.1028],[-60.02927,-3.10292],[-60.02911,-3.10292],[-60.02895,-3.10306],[-60.02876,-3.10314],[-60.02843,-3.10256],[-60.02801,-3.10236],[-60.02676,-3.10218],[-60.0263,-3.10211],[-60.02487,-3.10175],[-60.02457,-3.10176],[-60.02409,-3.10134],[-60.0241,-3.10069],[-60.02415,-3.09718],[-60.02418,-3.09517],[-60.02421,-3.09311],[-60.02433,-3.08554],[-60.02519,-3.08555],[-60.02559,-3.08556],[-60.02662,-3.08549],[-60.03083,-3.08551],[-60.03086,-3.08539],[-60.03083,-3.08572],[-60.03082,-3.08619],[-60.03053,-3.08696],[-60.03019,-3.09071]]]}},{"type":"Feature","id":"Redenção","properties":{"bairro":"Redenção","zona":"Centro-Oeste"},"geometry":{"type":"Polygon","coordinates":[[[-60.03647,-3.05798],[-60.03637,-3.05798],[-60.03425,-3.05801],[-60.03413,-3.05798],[-60.03282,-3.05653],[-60.03279,-3.05641],[-60.03275,-3.05331],[-60.03276,-3.05217],[-60.03278,-3.05202],[-60.0328,-3.05194],[-60.03283,-3.05188],[-60.03392,-3.0508],[-60.03407,-3.0507],[-60.03414,-3.0507],[-60.03459,-3.05065],[-60.03428,-3.04882],[-60.03425,-3.04849],[-60.03425,-3.04848],[-60.03489,-3.04841],[-60.03488,-3.04664],[-60.03488,-3.04663],[-60.03786,-3.047],[-60.06142,-3.04996],[-60.06777,-3.05078],[-60.06496,-3.05242],[-60.06458,-3.05262],[-60.06425,-3.0528],[-60.06367,-3.05313],[-60.0631,-3.05335],[-60.06228,-3.05358],[-60.05961,-3.054],[-60.05944,-3.05398],[-60.0593,-3.05398],[-60.059,-3.054],[-60.05863,-3.05402],[-60.05847,-3.05403],[-60.05828,-3.0541],[-60.058,-3.05422],[-60.05759,-3.05423],[-60.05704,-3.05431],[-60.05604,-3.05448],[-60.05514,-3.05506],[-60.05452,-3.05511],[-60.05432,-3.05517],[-60.05421,-3.05522],[-60.05408,-3.05535],[-60.05396,-3.05551],[-60.0538,-3.05584],[-60.05369,-3.0562],[-60.05355,-3.05654],[-60.05341,-3.05688],[-60.05336,-3.05706],[-60.0532,-3.0575],[-60.05312,-3.05769],[-60.05306,-3.05787],[-60.05296,-3.05809],[-60.05278,-3.05858],[-60.05255,-3.05887],[-60.05231,-3.05905],[-60.05204,-3.05927],[-60.05194,-3.05928],[-60.05151,-3.05935],[-60.05137,-3.05934],[-60.05096,-3.05932],[-60.05077,-3.0593],[-60.05042,-3.05933],[-60.05015,-3.05934],[-60.0497,-3.05945],[-60.04918,-3.05966],[-60.0487,-3.05983],[-60.04866,-3.05985],[-60.04815,-3.06009],[-60.04771,-3.06036],[-60.04725,-3.06062],[-60.04701,-3.06074],[-60.04632,-3.06168],[-60.04626,-3.06187],[-60.04623,-3.06188],[-60.04617,-3.06169],[-60.04589,-3.0608],[-60.04579,-3.06069],[-60.04565,-3.06065],[-60.04538,-3.06063],[-60.04503,-3.06061],[-60.04442,-3.06059],[-60.04425,-3.06054],[-60.04415,-3.06036],[-60.04411,-3.05981],[-60.04409,-3.05967],[-60.04406,-3.05933],[-60.04338,-3.05931],[-60.04277,-3.05928],[-60.04223,-3.05926],[-60.04167,-3.05924],[-60.04144,-3.05924],[-60.0412,-3.05925],[-60.04082,-3.05916],[-60.04065,-3.05913],[-60.0404,-3.05912],[-60.04007,-3.05916],[-60.03979,-3.05916],[-60.03931,-3.05916],[-60.03874,-3.0591],[-60.03812,-3.05915],[-60.03801,-3.05913],[-60.03799,-3.05913],[-60.03798,-3.05985],[-60.03795,-3.06041],[-60.03788,-3.06128],[-60.03786,-3.06152],[-60.03786,-3.0619],[-60.03781,-3.06211],[-60.03781,-3.06224],[-60.0379,-3.06265],[-60.03793,-3.06288],[-60.03724,-3.06293],[-60.0366,-3.06284],[-60.03614,-3.06269],[-60.03522,-3.06264],[-60.03461,-3.06248],[-60.03426,-3.06256],[-60.03423,-3.06244],[-60.0342,-3.06221],[-60.03423,-3.06197],[-60.03442,-3.06174],[-60.03482,-3.06148],[-60.035,-3.0609],[-60.03507,-3.0608],[-60.03545,-3.06054],[-60.0359,-3.06007],[-60.03601,-3.0599],[-60.03604,-3.0594],[-60.03638,-3.05933],[-60.03655,-3.05925],[-60.03659,-3.05915],[-60.03652,-3.05873],[-60.03648,-3.05845],[-60.03647,-3.05798]]]}},{"type":"Feature","id":"Vila Buriti","properties":{"bairro":"Vila Buriti","zona":"Sul"},"geometry":{"type":"Polygon","coordinates":[[[-59.99411,-3.14975],[-59.99358,-3.15094],[-59.99305,-3.15214],[-59.99281,-3.15284],[-59.9927,-3.15314],[-59.99257,-3.15333],[-59.99241,-3.15353],[-59.99227,-3.15362],[-59.99213,-3.15368],[-59.99164,-3.15379],[-59.99114,-3.15386],[-59.99053,-3.15394],[-59.99031,-3.154],[-59.99014,-3.15414],[-59.98987,-3.15446],[-59.98975,-3.15466],[-59.98927,-3.15543],[-59.98872,-3.15632],[-59.98779,-3.15854],[-59.98736,-3.15874],[-59.98703,-3.1589],[-59.98649,-3.15923],[-59.98599,-3.15873],[-59.9858,-3.15886],[-59.98568,-3.15883],[-59.98556,-3.15883],[-59.98548,-3.15884],[-59.98495,-3.15899],[-59.98499,-3.15917],[-59.98499,-3.15927],[-59.98489,-3.15941],[-59.98496,-3.15949],[-59.98494,-3.15956],[-59.98431,-3.15974],[-59.98412,-3.15978],[-59.98386,-3.15969],[-59.98362,-3.15974],[-59.98329,-3.15968],[-59.98289,-3.15966],[-59.98261,-3.15969],[-59.98257,-3.1601],[-59.98233,-3.16063],[-59.98197,-3.16101],[-59.98177,-3.16123],[-59.98149,-3.16141],[-59.98129,-3.16148],[-59.98119,-3.1616],[-59.98078,-3.16187],[-59.98037,-3.16207],[-59.97975,-3.16229],[-59.97943,-3.16236],[-59.97918,-3.16235],[-59.9785,-3.16235],[-59.97786,-3.16223],[-59.9777,-3.16208],[-59.97792,-3.1619],[-59.97825,-3.16163],[-59.97851,-3.16147],[-59.97872,-3.16155],[-59.97986,-3.15994],[-59.9801,-3.15842],[-59.97927,-3.15817],[-59.97951,-3.15743],[-59.97809,-3.15652],[-59.97748,-3.15593],[-59.9768,-3.15545],[-59.97575,-3.15391],[-59.97575,-3.1538],[-59.97573,-3.15322],[-59.97599,-3.15309],[-59.97655,-3.15303],[-59.97744,-3.15318],[-59.9775,-3.15289],[-59.97545,-3.15262],[-59.97521,-3.15234],[-59.97514,-3.15206],[-59.97578,-3.15177],[-59.97662,-3.15105],[-59.97759,-3.15129],[-59.97905,-3.15078],[-59.97986,-3.15132],[-59.98011,-3.15123],[-59.97983,-3.15075],[-59.98051,-3.14929],[-59.98033,-3.14919],[-59.97941,-3.15045],[-59.97885,-3.15054],[-59.97883,-3.15],[-59.97864,-3.14994],[-59.97825,-3.15069],[-59.97757,-3.15088],[-59.97695,-3.15063],[-59.97637,-3.15064],[-59.97573,-3.15135],[-59.97515,-3.15135],[-59.97469,-3.14998],[-59.97488,-3.14924],[-59.97657,-3.14856],[-59.97725,-3.14774],[-59.97708,-3.14731],[-59.9761,-3.14833],[-59.97509,-3.14863],[-59.97456,-3.14762],[-59.97452,-3.14661],[-59.97471,-3.14615],[-59.97471,-3.14572],[-59.97519,-3.14566],[-59.97437,-3.14445],[-59.97447,-3.14538],[-59.97418,-3.14624],[-59.97352,-3.14611],[-59.97246,-3.1445],[-59.97218,-3.14482],[-59.97286,-3.14549],[-59.97307,-3.14581],[-59.97313,-3.14618],[-59.97402,-3.14662],[-59.97405,-3.14718],[-59.97333,-3.14727],[-59.97333,-3.14759],[-59.97409,-3.14767],[-59.97444,-3.14844],[-59.97434,-3.15083],[-59.97372,-3.15091],[-59.97375,-3.15124],[-59.97452,-3.15171],[-59.97435,-3.15294],[-59.97462,-3.15304],[-59.97497,-3.15321],[-59.97518,-3.15473],[-59.9746,-3.15486],[-59.974,-3.15478],[-59.97371,-3.15421],[-59.97302,-3.15364],[-59.97176,-3.15256],[-59.97007,-3.15145],[-59.96844,-3.15087],[-59.96569,-3.14957],[-59.96324,-3.14831],[-59.96405,-3.14766],[-59.96429,-3.14692],[-59.96593,-3.14547],[-59.9651,-3.14525],[-59.96478,-3.1458],[-59.96417,-3.14594],[-59.96389,-3.1455],[-59.96381,-3.14501],[-59.96348,-3.14399],[-59.96402,-3.14326],[-59.96451,-3.14315],[-59.96365,-3.14188],[-59.96348,-3.14344],[-59.96326,-3.14353],[-59.96293,-3.14309],[-59.96264,-3.14327],[-59.96319,-3.14463],[-59.96334,-3.1459],[-59.96341,-3.14663],[-59.96321,-3.14723],[-59.96049,-3.14756],[-59.96012,-3.14712],[-59.96016,-3.14612],[-59.95949,-3.14782],[-59.96014,-3.14785],[-59.96038,-3.14969],[-59.96018,-3.15073],[-59.95958,-3.15033],[-59.95918,-3.15061],[-59.95866,-3.15043],[-59.95843,-3.15036],[-59.95828,-3.15033],[-59.95806,-3.15005],[-59.95779,-3.14986],[-59.95768,-3.14974],[-59.95753,-3.14974],[-59.95746,-3.14951],[-59.95743,-3.14943],[-59.9576,-3.14859],[-59.95764,-3.14843],[-59.95764,-3.14824],[-59.95771,-3.14796],[-59.95779,-3.14738],[-59.95768,-3.14613],[-59.95691,-3.14546],[-59.95641,-3.14337],[-59.95658,-3.14567],[-59.95693,-3.14621],[-59.95709,-3.14692],[-59.95704,-3.14738],[-59.95717,-3.14759],[-59.95717,-3.14782],[-59.95705,-3.14802],[-59.95715,-3.14815],[-59.9565,-3.14939],[-59.95622,-3.14972],[-59.95591,-3.14984],[-59.95524,-3.14976],[-59.95404,-3.14943],[-59.95249,-3.14899],[-59.95204,-3.14916],[-59.9519,-3.14883],[-59.95084,-3.14773],[-59.94968,-3.1465],[-59.94939,-3.14662],[-59.94858,-3.14605],[-59.94858,-3.14595],[-59.94859,-3.14579],[-59.94852,-3.14565],[-59.94839,-3.14556],[-59.94821,-3.14544],[-59.94795,-3.14536],[-59.9479,-3.14512],[-59.94778,-3.1449],[-59.94696,-3.14376],[-59.94682,-3.14352],[-59.94644,-3.1431],[-59.94602,-3.14277],[-59.94528,-3.14204],[-59.94536,-3.14175],[-59.94448,-3.1416],[-59.94397,-3.14117],[-59.94327,-3.14091],[-59.94292,-3.1407],[-59.9424,-3.14023],[-59.94126,-3.13959],[-59.94098,-3.13925],[-59.94084,-3.13885],[-59.94074,-3.13846],[-59.94072,-3.138],[-59.94072,-3.13752],[-59.94069,-3.13719],[-59.94054,-3.13694],[-59.94058,-3.13665],[-59.94032,-3.13672],[-59.93973,-3.13622],[-59.93942,-3.13586],[-59.93914,-3.13567],[-59.93876,-3.1354],[-59.93872,-3.13529],[-59.93892,-3.13516],[-59.93985,-3.13458],[-59.94034,-3.13423],[-59.94077,-3.13392],[-59.94706,-3.12981],[-59.94765,-3.13092],[-59.9489,-3.13226],[-59.94907,-3.13237],[-59.94915,-3.13248],[-59.94926,-3.13265],[-59.94941,-3.13296],[-59.94965,-3.13345],[-59.94985,-3.13393],[-59.94995,-3.13413],[-59.95031,-3.13622],[-59.95053,-3.13734],[-59.95057,-3.13757],[-59.95065,-3.1377],[-59.9507,-3.13788],[-59.9509,-3.13802],[-59.95112,-3.13814],[-59.9513,-3.13817],[-59.95161,-3.13815],[-59.95226,-3.13799],[-59.95303,-3.13775],[-59.95318,-3.13778],[-59.95336,-3.13785],[-59.9535,-3.13788],[-59.95373,-3.13781],[-59.95392,-3.13782],[-59.95395,-3.13585],[-59.95399,-3.13591],[-59.95414,-3.13613],[-59.95439,-3.13652],[-59.95482,-3.13723],[-59.95666,-3.13746],[-59.96538,-3.13858],[-59.9845,-3.1384],[-59.98458,-3.13839],[-59.9847,-3.13838],[-59.98482,-3.13838],[-59.98991,-3.13968],[-59.99219,-3.14469],[-59.99239,-3.14496],[-59.9927,-3.1452],[-59.99385,-3.1455],[-59.99464,-3.1458],[-59.99532,-3.14597],[-59.99572,-3.14607],[-59.99621,-3.14615],[-59.99695,-3.14622],[-59.99766,-3.14624],[-59.99786,-3.14621],[-59.99824,-3.14616],[-59.99874,-3.14605],[-59.99934,-3.1459],[-59.99961,-3.1458],[-59.99989,-3.14567],[-60.00052,-3.1453],[-60.00055,-3.14534],[-59.99886,-3.14659],[-59.99855,-3.14684],[-59.99744,-3.14798],[-59.99636,-3.14909],[-59.99605,-3.14934],[-59.99574,-3.14953],[-59.99534,-3.14969],[-59.99492,-3.14978],[-59.9945,-3.1498],[-59.99411,-3.14975]]]}},{"type":"Feature","id":"Distrito Industrial I","properties":{"bairro":"Distrito Industrial I","zona":"Sul"},"geometry":{"type":"Polygon","coordinates":[[[-59.94765,-3.13092],[-59.9489,-3.13226],[-59.94907,-3.13237],[-59.94915,-3.13248],[-59.94926,-3.13265],[-59.94941,-3.13296],[-59.94965,-3.13345],[-59.94985,-3.13393],[-59.94995,-3.13413],[-59.95031,-3.13622],[-59.95053,-3.13734],[-59.95057,-3.13757],[-59.95065,-3.1377],[-59.9507,-3.13788],[-59.9509,-3.13802],[-59.95112,-3.13814],[-59.9513,-3.13817],[-59.95161,-3.13815],[-59.95226,-3.13799],[-59.95303,-3.13775],[-59.95318,-3.13778],[-59.95336,-3.13785],[-59.9535,-3.13788],[-59.95373,-3.13781],[-59.95392,-3.13782],[-59.95395,-3.13585],[-59.95399,-3.13591],[-59.95414,-3.13613],[-59.95439,-3.13652],[-59.95482,-3.13723],[-59.95666,-3.13746],[-59.96538,-3.13858],[-59.9845,-3.1384],[-59.98434,-3.13774],[-59.98542,-3.13769],[-59.98557,-3.13769],[-59.98573,-3.13762],[-59.98584,-3.13753],[-59.98588,-3.13743],[-59.98592,-3.13655],[-59.98601,-3.13464],[-59.98604,-3.1345],[-59.98608,-3.13435],[-59.98611,-3.13425],[-59.98641,-3.13372],[-59.98616,-3.1336],[-59.98591,-3.13337],[-59.98573,-3.13315],[-59.98562,-3.13292],[-59.98555,-3.13267],[-59.98551,-3.1324],[-59.98553,-3.13203],[-59.98556,-3.13194],[-59.98563,-3.13171],[-59.98573,-3.13154],[-59.98586,-3.13136],[-59.98614,-3.1311],[-59.98638,-3.13096],[-59.98623,-3.13066],[-59.98567,-3.12959],[-59.98559,-3.12942],[-59.98528,-3.12881],[-59.98523,-3.1287],[-59.98474,-3.1277],[-59.98448,-3.1272],[-59.98413,-3.12677],[-59.98286,-3.12572],[-59.98241,-3.12531],[-59.98226,-3.12514],[-59.98213,-3.12497],[-59.98202,-3.1248],[-59.98194,-3.12463],[-59.98185,-3.12438],[-59.98179,-3.12421],[-59.98175,-3.12403],[-59.98169,-3.12371],[-59.98163,-3.12305],[-59.9816,-3.12288],[-59.98156,-3.12266],[-59.98153,-3.12246],[-59.98151,-3.12231],[-59.98152,-3.12201],[-59.98155,-3.1218],[-59.98157,-3.12172],[-59.97994,-3.1206],[-59.97842,-3.11952],[-59.97779,-3.11914],[-59.975,-3.11723],[-59.97431,-3.11677],[-59.97327,-3.11602],[-59.97272,-3.11578],[-59.97193,-3.11561],[-59.97078,-3.1149],[-59.96955,-3.11385],[-59.96866,-3.11273],[-59.96764,-3.11182],[-59.96561,-3.1108],[-59.96249,-3.1085],[-59.9606,-3.10701],[-59.95934,-3.10556],[-59.95872,-3.10426],[-59.9582,-3.10282],[-59.95777,-3.10208],[-59.95726,-3.10119],[-59.9568,-3.10064],[-59.95636,-3.10048],[-59.95582,-3.10025],[-59.95536,-3.09996],[-59.95482,-3.09952],[-59.95442,-3.09915],[-59.95391,-3.09879],[-59.95326,-3.09834],[-59.95148,-3.09629],[-59.95131,-3.09608],[-59.95119,-3.09584],[-59.95108,-3.09572],[-59.95093,-3.0956],[-59.95081,-3.0954],[-59.95068,-3.0953],[-59.95055,-3.09522],[-59.95048,-3.09509],[-59.95045,-3.09493],[-59.95044,-3.09489],[-59.95038,-3.09479],[-59.95024,-3.09468],[-59.95007,-3.09455],[-59.9499,-3.09445],[-59.94946,-3.09434],[-59.94894,-3.0942],[-59.94847,-3.09402],[-59.94825,-3.09381],[-59.94805,-3.0937],[-59.94773,-3.09565],[-59.94739,-3.09753],[-59.94733,-3.09778],[-59.94732,-3.09782],[-59.94714,-3.09784],[-59.94699,-3.09791],[-59.94684,-3.09804],[-59.94677,-3.09817],[-59.94674,-3.09821],[-59.94671,-3.0984],[-59.94673,-3.09859],[-59.94682,-3.09876],[-59.94694,-3.09889],[-59.94714,-3.09898],[-59.94672,-3.10145],[-59.94623,-3.10427],[-59.94598,-3.10586],[-59.94533,-3.10965],[-59.94527,-3.11],[-59.94504,-3.11112],[-59.94495,-3.11167],[-59.94492,-3.11176],[-59.94492,-3.11208],[-59.94497,-3.1124],[-59.94509,-3.11267],[-59.9454,-3.113],[-59.94572,-3.11328],[-59.94611,-3.11357],[-59.94656,-3.1139],[-59.94842,-3.11444],[-59.94846,-3.11445],[-59.94948,-3.11475],[-59.95018,-3.11494],[-59.95102,-3.11518],[-59.95141,-3.11537],[-59.95154,-3.11547],[-59.95167,-3.11564],[-59.95176,-3.11584],[-59.95181,-3.11604],[-59.95206,-3.11713],[-59.95223,-3.11782],[-59.95269,-3.12],[-59.95289,-3.12088],[-59.95285,-3.12089],[-59.95274,-3.12097],[-59.95266,-3.12107],[-59.95263,-3.12115],[-59.95261,-3.12126],[-59.95018,-3.12113],[-59.94984,-3.12115],[-59.94959,-3.12122],[-59.94926,-3.12137],[-59.94913,-3.1215],[-59.94903,-3.12165],[-59.94893,-3.12187],[-59.94889,-3.12206],[-59.94888,-3.12486],[-59.94884,-3.12632],[-59.94881,-3.12656],[-59.94875,-3.12678],[-59.94843,-3.12736],[-59.94746,-3.12902],[-59.94706,-3.12981],[-59.94765,-3.13092]]]}},{"type":"Feature","id":"Colônia Antônio Aleixo","properties":{"bairro":"Colônia Antônio Aleixo","zona":"Leste"},"geometry":{"type":"Polygon","coordinates":[[[-59.90129,-3.11291],[-59.90671,-3.11647],[-59.91126,-3.11757],[-59.9121,-3.11792],[-59.91232,-3.11798],[-59.91251,-3.11795],[-59.91274,-3.11786],[-59.91364,-3.11788],[-59.91386,-3.11786],[-59.91395,-3.11785],[-59.91404,-3.11783],[-59.91408,-3.11738],[-59.91416,-3.11727],[-59.91429,-3.11722],[-59.91433,-3.11727],[-59.91428,-3.11737],[-59.91422,-3.11751],[-59.91424,-3.11789],[-59.91425,-3.11828],[-59.91434,-3.11838],[-59.91457,-3.11834],[-59.91476,-3.11843],[-59.9151,-3.1186],[-59.9153,-3.11886],[-59.91596,-3.11941],[-59.91637,-3.1195],[-59.91691,-3.11945],[-59.91772,-3.11934],[-59.91809,-3.11927],[-59.91864,-3.11915],[-59.91907,-3.11934],[-59.91987,-3.11921],[-59.92021,-3.11951],[-59.92012,-3.11987],[-59.92016,-3.12001],[-59.92026,-3.12011],[-59.92278,-3.12063],[-59.9236,-3.12073],[-59.92459,-3.12111],[-59.92639,-3.12159],[-59.92653,-3.12164],[-59.92784,-3.12239],[-59.92818,-3.12167],[-59.92824,-3.12151],[-59.92825,-3.12113],[-59.92812,-3.12067],[-59.92782,-3.12012],[-59.9277,-3.11968],[-59.92762,-3.11892],[-59.9275,-3.11794],[-59.92751,-3.11722],[-59.9276,-3.11681],[-59.92789,-3.11631],[-59.92789,-3.1158],[-59.92789,-3.11518],[-59.92788,-3.11479],[-59.92779,-3.11439],[-59.92775,-3.11391],[-59.92729,-3.11373],[-59.92702,-3.11365],[-59.92663,-3.11336],[-59.92622,-3.11318],[-59.92574,-3.11288],[-59.92486,-3.11234],[-59.92398,-3.11201],[-59.92293,-3.11193],[-59.92216,-3.11157],[-59.92169,-3.11148],[-59.92104,-3.11131],[-59.92085,-3.11106],[-59.92052,-3.11053],[-59.92044,-3.11009],[-59.92006,-3.10992],[-59.91969,-3.10943],[-59.91883,-3.10828],[-59.91827,-3.10719],[-59.91766,-3.10664],[-59.91754,-3.10633],[-59.91748,-3.10604],[-59.91745,-3.10574],[-59.91748,-3.10546],[-59.91754,-3.10521],[-59.91753,-3.10495],[-59.91752,-3.1046],[-59.91744,-3.10434],[-59.91748,-3.10406],[-59.91762,-3.10387],[-59.9178,-3.10373],[-59.91792,-3.10334],[-59.91784,-3.10296],[-59.91786,-3.10268],[-59.91808,-3.10238],[-59.91837,-3.10203],[-59.91842,-3.10175],[-59.91819,-3.10137],[-59.91783,-3.10111],[-59.9175,-3.10114],[-59.91731,-3.10092],[-59.91726,-3.10059],[-59.91707,-3.10036],[-59.91676,-3.10012],[-59.91667,-3.09981],[-59.91645,-3.09959],[-59.9162,-3.09955],[-59.91598,-3.0995],[-59.91534,-3.09916],[-59.91518,-3.09908],[-59.91343,-3.10134],[-59.91312,-3.10148],[-59.91298,-3.10148],[-59.91268,-3.10142],[-59.91003,-3.09902],[-59.90731,-3.0967],[-59.90555,-3.09526],[-59.90313,-3.09325],[-59.90285,-3.09306],[-59.90269,-3.093],[-59.90238,-3.09295],[-59.90221,-3.09294],[-59.90197,-3.09297],[-59.90152,-3.09312],[-59.90108,-3.0933],[-59.90076,-3.09345],[-59.90034,-3.09367],[-59.90013,-3.09376],[-59.90015,-3.09271],[-59.90065,-3.09235],[-59.90101,-3.09056],[-59.9013,-3.08897],[-59.90165,-3.08877],[-59.90122,-3.08772],[-59.90103,-3.08701],[-59.90084,-3.08642],[-59.9007,-3.08607],[-59.90042,-3.08556],[-59.9001,-3.08494],[-59.89956,-3.08421],[-59.89888,-3.08363],[-59.89815,-3.08307],[-59.89743,-3.08242],[-59.89671,-3.08179],[-59.89601,-3.08116],[-59.8952,-3.08024],[-59.89502,-3.07964],[-59.89487,-3.07857],[-59.89452,-3.07909],[-59.89253,-3.07867],[-59.89167,-3.07894],[-59.89118,-3.07899],[-59.8909,-3.07961],[-59.8904,-3.08021],[-59.89002,-3.08092],[-59.8898,-3.08134],[-59.88931,-3.08148],[-59.88901,-3.08169],[-59.88826,-3.08242],[-59.88783,-3.08217],[-59.88747,-3.0821],[-59.88675,-3.08244],[-59.88572,-3.08282],[-59.88502,-3.0835],[-59.88403,-3.08368],[-59.88349,-3.08399],[-59.88287,-3.08432],[-59.88251,-3.08469],[-59.88207,-3.08528],[-59.88194,-3.08569],[-59.88167,-3.08617],[-59.88151,-3.08648],[-59.88135,-3.08662],[-59.88112,-3.08681],[-59.88049,-3.08733],[-59.88038,-3.08765],[-59.88045,-3.08805],[-59.88064,-3.08825],[-59.88113,-3.0884],[-59.88154,-3.08885],[-59.88196,-3.08923],[-59.88296,-3.08978],[-59.88332,-3.09005],[-59.88385,-3.09016],[-59.8845,-3.09047],[-59.88515,-3.09084],[-59.88569,-3.09088],[-59.88627,-3.09099],[-59.88669,-3.09104],[-59.88714,-3.09114],[-59.88774,-3.09142],[-59.88812,-3.09162],[-59.8885,-3.09196],[-59.88901,-3.0923],[-59.88943,-3.09269],[-59.88965,-3.09316],[-59.88999,-3.09349],[-59.89024,-3.09376],[-59.89061,-3.09369],[-59.89073,-3.09382],[-59.89074,-3.09404],[-59.89058,-3.09432],[-59.89064,-3.09458],[-59.89084,-3.09484],[-59.89118,-3.0953],[-59.8914,-3.09539],[-59.89144,-3.09561],[-59.89157,-3.09606],[-59.8919,-3.0962],[-59.89221,-3.09625],[-59.89248,-3.09633],[-59.8927,-3.09682],[-59.89264,-3.09751],[-59.89245,-3.09849],[-59.89254,-3.09958],[-59.89441,-3.10238],[-59.89474,-3.10291],[-59.89482,-3.1031],[-59.89487,-3.10328],[-59.89484,-3.10343],[-59.89481,-3.10365],[-59.89495,-3.1039],[-59.89514,-3.10402],[-59.89529,-3.10408],[-59.89544,-3.10415],[-59.89571,-3.10422],[-59.89594,-3.10386],[-59.89598,-3.10369],[-59.89588,-3.10353],[-59.89577,-3.10342],[-59.89563,-3.1033],[-59.89554,-3.10322],[-59.89542,-3.10314],[-59.89534,-3.10306],[-59.89524,-3.10307],[-59.89521,-3.10297],[-59.89527,-3.10292],[-59.89535,-3.10287],[-59.89542,-3.10286],[-59.89548,-3.10289],[-59.89551,-3.10301],[-59.8956,-3.10301],[-59.8957,-3.10297],[-59.89582,-3.103],[-59.89595,-3.10299],[-59.89608,-3.10296],[-59.89615,-3.10289],[-59.89623,-3.10291],[-59.89635,-3.10317],[-59.89646,-3.10322],[-59.89654,-3.10347],[-59.89665,-3.10369],[-59.89675,-3.10382],[-59.89689,-3.10392],[-59.89704,-3.10387],[-59.89758,-3.10377],[-59.89769,-3.10363],[-59.89775,-3.10327],[-59.89783,-3.10316],[-59.89788,-3.1033],[-59.89787,-3.10346],[-59.8978,-3.1036],[-59.89772,-3.10382],[-59.89762,-3.1039],[-59.89735,-3.10431],[-59.89731,-3.10482],[-59.8973,-3.10494],[-59.89727,-3.10514],[-59.89719,-3.10513],[-59.89715,-3.10506],[-59.89705,-3.10491],[-59.89695,-3.10475],[-59.89672,-3.10472],[-59.89648,-3.10479],[-59.89622,-3.10513],[-59.89618,-3.10528],[-59.89618,-3.10541],[-59.89627,-3.10549],[-59.89633,-3.10555],[-59.89632,-3.10569],[-59.89619,-3.10577],[-59.89606,-3.10583],[-59.896,-3.1059],[-59.89596,-3.10603],[-59.89626,-3.10666],[-59.89641,-3.10696],[-59.89606,-3.10698],[-59.89598,-3.10743],[-59.89624,-3.10806],[-59.89642,-3.10845],[-59.89661,-3.10879],[-59.89664,-3.10902],[-59.89666,-3.10943],[-59.89656,-3.10975],[-59.89644,-3.1101],[-59.89677,-3.11033],[-59.89714,-3.11061],[-59.89738,-3.11076],[-59.89759,-3.11085],[-59.89786,-3.11085],[-59.89809,-3.11089],[-59.89835,-3.111],[-59.89876,-3.11125],[-59.90129,-3.11291]]]}}]}